SYS_StoreNo,TXN_Date,ECR_No,TXN_No,TXN_Item,TXN_Time,TXN_GUINo,PLU_No,DEP_No,VEN_No,CAT_No,TXN_Qty,PLU_FixPrc,PLU_SalePrc,TXN_DiscS,TXN_DiscM,TXN_DiscT,TXN_SaleAmt,TXN_SaleTax,TXN_SaleNoTax,TXN_Net,TXN_Tax,PLU_TaxType,MMP_No,MAM_No,MAM_Condition,MAM_TotAmt,MAM_CombNo,MAM_CombGrp,MAM_Method,TXN_Ref,TXN_AuthNo,TXN_AuthReason,TXN_GUIPageNo,TXN_Mode,TXN_Status,TXN_VIP,MAM_UnitPrc,MAN_ChangeNo,PLU_Disc,TXN_RebateS,TXN_RebateT,TXN_Ret_Cod,TXN_Except_Sta,PLU_MagNo,PLU_Type,PLU_Set_Code,TXN_ActualPrc,TXN_DiscP,SDEP_No,SCAT_No,TXN_Type,TXN_MINUS_GM_Amt,TXN_Coup_Disc_Amt,TXN_Sales,PLU_Health,PLU_HealthPrc,PLU_HealthBegDate,PLU_HealthEndDate,TXN_HealthAmt,TXN_DiscMebDiv,PLU_Gift,TXN_UseSalePrc,PLU_Source,MAM_UseScore,MAM_DoScore,MAM_MultiScore,TXN_DownMarginAmt,TXN_PayQuartAmt,TXN_PayQuart,CRT_Date,CRT_USR_No,UPD_Date,UPD_USR_No,PLU_Name
82102,1/16/2015 0:00,821022,64,3,1/16/2015 13:17,TN95857624,4710006774527,4,E0012K,40702,1,18,14,0,0,0,14,14,0,13.33,0.67,1,,,0,0,,,1,,,,0,R,N,N,14,,Y,0,0,,N,407028841521,1,,14,0,,,S,0,0,,N,0,,,0,0,0,N,3,0,,0,0,0,0,1/16/2015 13:17,8888,,,喵喵18元卡片(希
82102,1/16/2015 0:00,821022,64,4,1/16/2015 13:17,TN95857624,4713809548203,4,E0012K,40701,1,25,20,0,0,0,20,20,0,19.05,0.95,1,,,0,0,,,1,,,,0,R,N,N,20,,Y,0,0,,N,407018802648,1,,20,0,,,S,0,0,,N,0,,,0,0,0,N,3,0,,0,0,0,0,1/16/2015 13:17,8888,,,北極熊生日卡(氣
82102,1/16/2015 0:00,821022,64,5,1/16/2015 13:17,TN95857624,4712765867427,4,E0016K,40703,1,20,16,0,0,0,16,16,0,15.24,0.76,1,,,0,0,,,1,,,,0,R,N,N,16,,Y,0,0,,N,407038800839,1,,16,0,,,S,0,0,,N,0,,,0,0,0,N,3,0,,0,0,0,0,1/16/2015 13:17,8888,,,心意感謝卡
82102,1/16/2015 0:00,821022,64,6,1/16/2015 13:17,TN95857624,4713027198433,4,E0006K,40704,1,15,12,0,0,0,12,12,0,11.43,0.57,1,,,0,0,,,1,,,,0,R,N,N,12,,Y,0,0,,N,407048801901,1,,12,0,,,S,0,0,,N,0,,,0,0,0,N,3,0,,0,0,0,0,1/16/2015 13:17,8888,,,萬用禮卡-虹象 FK
82102,1/16/2015 0:00,821022,64,7,1/16/2015 13:17,TN95857624,4715709126871,5,E0502G,51002,1,25,18,0,0,0,18,18,0,17.14,0.86,1,,,0,0,,,1,,,,0,R,N,N,18,,Y,0,0,,N,510028812276,1,,18,0,,,S,0,0,,N,0,,,0,0,0,N,3,0,,0,0,0,0,1/16/2015 13:17,8888,,,CKS BP-238彩格-
82102,1/16/2015 0:00,821022,64,8,1/16/2015 13:17,TN95857624,4715709126833,5,E0502G,51002,1,25,18,0,0,0,18,18,0,17.14,0.86,1,,,0,0,,,1,,,,0,R,N,N,18,,Y,0,0,,N,510028812306,1,,18,0,,,S,0,0,,N,0,,,0,0,0,N,3,0,,0,0,0,0,1/16/2015 13:17,8888,,,CKS BP-238彩格-
82102,1/16/2015 0:00,821022,64,9,1/16/2015 13:17,TN95857624,4902778568156,5,E0501G,51003,1,48,27,0,0,0,27,27,0,25.71,1.29,1,,,0,0,,,1,,,,0,R,N,N,27,,Y,0,0,,N,510038800676,1,,27,0,,,S,0,0,,N,0,,,0,0,0,N,3,0,,0,0,0,0,1/16/2015 13:17,8888,,,UM151-藍.38
82102,1/16/2015 0:00,821022,64,10,1/16/2015 13:17,TN95857624,4715709126819,5,E0502G,51002,1,25,18,0,0,0,18,18,0,17.14,0.86,1,,,0,0,,,1,,,,0,R,N,N,18,,Y,0,0,,N,510028812092,1,,18,0,,,S,0,0,,N,0,,,0,0,0,N,3,0,,0,0,0,0,1/16/2015 13:17,8888,,,CKS BP-238彩格-
82102,1/16/2015 0:00,821022,64,11,1/16/2015 13:17,TN95857624,4710006775425,4,E0012K,40702,1,12,10,0,0,0,10,10,0,9.52,0.48,1,,,0,0,,,1,,,,0,R,N,N,10,,Y,0,0,,N,407028843075,1,,10,0,,,S,0,0,,N,0,,,0,0,0,N,3,0,,0,0,0,0,1/16/2015 13:17,8888,,,陳又凌小卡(慶祝)
82102,1/16/2015 0:00,821022,64,12,1/16/2015 13:17,TN95857624,4710006774541,4,E0012K,40702,1,18,14,0,0,0,14,14,0,13.33,0.67,1,,,0,0,,,1,,,,0,R,N,N,14,,Y,0,0,,N,407028841538,1,,14,0,,,S,0,0,,N,0,,,0,0,0,N,3,0,,0,0,0,0,1/16/2015 13:17,8888,,,喵喵18元卡片(最
82102,1/16/2015 0:00,821022,65,1,1/16/2015 13:17,TN95857625,6946884501520,5,U0002A,50203,2,25,12,0,0,0,24,24,0,22.86,1.14,1,,,0,0,,,1,,,,0,R,N,N,12,,Y,0,0,,N,502038600011,1,,12,0,,,S,0,0,,N,0,,,0,0,0,N,3,0,,0,0,0,0,1/16/2015 13:17,8888,,,本木生活32K空白
82102,1/16/2015 0:00,821022,65,2,1/16/2015 13:17,TN95857625,4714126208573,5,E0510K,51015,1,30,18,0,0,0,18,18,0,17.14,0.86,1,,,0,0,,,1,,,,0,R,N,N,18,,Y,0,0,,N,510158800907,1,,18,0,,,S,0,0,,N,0,,,0,0,0,N,3,0,,0,0,0,0,1/16/2015 13:17,8888,,,S203壓克力水彩顏
82102,1/16/2015 0:00,821022,66,1,1/16/2015 13:20,TN95857626,4902505126314,5,E0502G,51003,1,550,329,0,0,0,329,329,0,313.33,15.67,1,,,0,0,,,1,,,,0,R,N,N,329,,Y,0,0,,N,510038800430,1,,329,0,,,S,0,0,,N,0,,,0,0,0,N,3,0,,0,0,0,0,1/16/2015 13:20,8888,,,百樂鋼珠筆 C3 10
82102,1/16/2015 0:00,821022,66,2,1/16/2015 13:20,TN95857626,4713760043359,5,E0004K,50403,2,49,49,0,0,0,98,98,0,93.33,4.67,1,,,0,0,,,1,,,,0,R,N,N,49,,Y,0,0,,N,504038801238,1,,49,0,,,S,0,0,,N,0,,,0,0,0,N,3,0,,0,0,0,0,1/16/2015 13:20,8888,,,特)B5/26孔活頁紙
82102,1/16/2015 0:00,821022,67,1,1/16/2015 13:22,TN95857627,4713750507151,5,H0018G,50504,2,90,39,0,0,0,78,78,0,74.29,3.71,1,,,0,0,,,1,,,,0,R,N,N,39,,Y,0,0,,N,505048800327,1,,39,0,,,S,0,0,,N,0,,,0,0,0,N,3,0,,0,0,0,0,1/16/2015 13:22,8888,,,隨意盒 OF-A03
82102,1/16/2015 0:00,821022,67,2,1/16/2015 13:22,TN95857627,4718055068000,5,E0508G,50504,2,75,39,0,0,0,78,78,0,74.29,3.71,1,,,0,0,,,1,,,,0,R,N,N,39,,Y,0,0,,N,505048800051,1,,39,0,,,S,0,0,,N,0,,,0,0,0,N,3,0,,0,0,0,0,1/16/2015 13:22,8888,,,開放式圓孔雜誌箱
82102,1/16/2015 0:00,821022,67,3,1/16/2015 13:22,TN95857627,6923450656181,4,U0002A,40101,1,65,49,0,0,0,49,49,0,46.67,2.33,1,,,0,0,,,1,,,,0,R,N,N,49,,Y,0,0,,N,401018603175,1,,49,0,,,S,0,0,,N,0,,,0,0,0,N,3,0,,0,0,0,0,1/16/2015 13:22,8888,,,2015月曆貼紙
82102,1/16/2015 0:00,821022,67,4,1/16/2015 13:22,TN95857627,4710367273837,5,E0501G,51114,1,50,37,0,0,0,37,37,0,35.24,1.76,1,,,0,0,,,1,,,,0,R,N,N,37,,Y,0,0,,N,511178802087,1,,37,0,,,S,0,0,,N,0,,,0,0,0,N,3,0,,0,0,0,0,1/16/2015 13:22,8888,,,3M812可再貼補充
82102,1/16/2015 0:00,821022,67,5,1/16/2015 13:22,TN95857627,4710367273820,5,E0501G,51117,1,50,37,0,0,0,37,37,0,35.24,1.76,1,,,0,0,,,1,,,,0,R,N,N,37,,Y,0,0,,N,511178802070,1,,37,0,,,S,0,0,,N,0,,,0,0,0,N,3,0,,0,0,0,0,1/16/2015 13:22,8888,,,3M812可再貼補充
82102,1/16/2015 0:00,821022,67,6,1/16/2015 13:22,TN95857627,4719271776427,4,E0017K,40805,4,5,5,0,0,0,20,20,0,19.05,0.95,1,,,0,0,,,1,,,,0,R,N,N,5,,Y,0,0,,N,408058802148,1,,5,0,,,S,0,0,,N,0,,,0,0,0,N,3,0,,0,0,0,0,1/16/2015 13:22,8888,,,A4-銀點紙6色
82102,1/16/2015 0:00,821022,67,7,1/16/2015 13:22,TN95857627,4719271795114,4,E0017K,40807,10,5,5,0,0,0,50,50,0,47.62,2.38,1,,,0,0,,,1,,,,0,R,N,N,5,,Y,0,0,,N,408078800186,1,,5,0,,,S,0,0,,N,0,,,0,0,0,N,3,0,,0,0,0,0,1/16/2015 13:22,8888,,,A4-(義)星幻紙
82102,1/16/2015 0:00,821022,68,1,1/16/2015 13:22,TN95857628,4717605093172,5,E0525P,50108,1,25,18,0,0,0,18,18,0,17.14,0.86,1,,,0,0,,,1,,,,0,R,N,N,18,,Y,0,0,,N,501088805124,1,,18,0,,,S,0,0,,N,0,,,0,0,0,N,3,0,,0,0,0,0,1/16/2015 13:22,8888,,,大4K氣泡紅框資料
82102,1/16/2015 0:00,821022,69,1,1/16/2015 13:23,TN95857629,4712765873251,4,E0016K,40701,1,25,20,0,0,0,20,20,0,19.05,0.95,1,,,0,0,,,1,,,,0,R,N,N,20,,Y,0,0,,N,407018808312,1,,20,0,,,S,0,0,,N,0,,,0,0,0,N,3,0,,0,0,0,0,1/16/2015 13:23,8888,,,黑皮立體卡-貓咪
82102,1/16/2015 0:00,821022,70,1,1/16/2015 13:23,TN95857630,4715896810096,5,E0503G,51102,2,10,7,0,0,0,14,14,0,13.33,0.67,1,,,0,0,,,1,,,,0,R,N,N,7,,Y,0,0,,N,511028800621,1,,7,0,,,S,0,0,,N,0,,,0,0,0,N,3,0,,0,0,0,0,1/16/2015 13:23,8888,,,足勇81009美工刀
82102,1/16/2015 0:00,821022,71,1,1/16/2015 13:24,TN95857631,8809305365706,5,U0001A,50502,1,300,49,0,0,0,49,49,0,46.67,2.33,1,,,0,0,,,1,,,,0,R,N,N,49,,Y,0,0,,N,505028200758,1,,49,0,,,S,0,0,,N,0,,,0,0,0,N,3,0,,0,0,0,0,1/16/2015 13:24,8888,,,害羞小熊筆袋5706
82102,1/16/2015 0:00,821022,72,1,1/16/2015 13:26,TN95857632,4713752590410,5,E0013K,50601,1,45,36,0,0,0,36,36,0,34.29,1.71,1,,,0,0,,,1,,,,0,R,N,N,36,,Y,0,0,,N,506018815600,1,,36,0,,,S,0,0,,N,0,,,0,0,0,N,3,0,,0,0,0,0,1/16/2015 13:26,8888,,,時尚輕便袋-100K
82102,1/16/2015 0:00,821022,73,1,1/16/2015 13:27,TN95857633,4713696366218,5,E0009K,50501,1,250,200,0,0,0,200,200,0,190.48,9.52,1,,,0,0,,,1,,,,0,R,N,N,200,,Y,0,0,,N,505018813135,1,,200,0,,,S,0,0,,N,0,,,0,0,0,N,3,0,,0,0,0,0,1/16/2015 13:27,8888,,,O-CAT貓耳燒餅包(
82102,1/16/2015 0:00,821022,73,2,1/16/2015 13:27,TN95857633,4713696366201,5,E0009K,50501,1,250,200,0,0,0,200,200,0,190.48,9.52,1,,,0,0,,,1,,,,0,R,N,N,200,,Y,0,0,,N,505018813142,1,,200,0,,,S,0,0,,N,0,,,0,0,0,N,3,0,,0,0,0,0,1/16/2015 13:27,8888,,,O-CAT貓耳燒餅包(
82102,1/16/2015 0:00,821022,73,3,1/16/2015 13:27,TN95857633,4713501010411,5,E0503G,51114,2,30,15,0,0,0,30,30,0,28.57,1.43,1,,,0,0,,,1,,,,0,R,N,N,15,,Y,0,0,,N,511178801721,1,,15,0,,,S,0,0,,N,0,,,0,0,0,N,3,0,,0,0,0,0,1/16/2015 13:27,8888,,,北極熊雙面膠帶12
82102,1/16/2015 0:00,821022,73,4,1/16/2015 13:27,TN95857633,4713501010107,5,E0501G,51114,2,15,10,0,0,0,20,20,0,19.05,0.95,1,,,0,0,,,1,,,,0,R,N,N,10,,Y,0,0,,N,511178801769,1,,10,0,,,S,0,0,,N,0,,,0,0,0,N,3,0,,0,0,0,0,1/16/2015 13:27,8888,,,北極熊雙面膠帶6m
82102,1/16/2015 0:00,821022,73,5,1/16/2015 13:27,TN95857633,4714725010409,4,X0014K,40601,1,40,19,0,0,0,19,19,0,18.1,0.9,1,,,0,0,,,1,,,,0,R,N,N,19,,Y,0,0,,N,406018801491,1,,19,0,,,S,0,0,,N,0,,,0,0,0,N,3,0,,0,0,0,0,1/16/2015 13:27,8888,,,香水紅包袋50入
82102,1/16/2015 0:00,821022,73,6,1/16/2015 13:27,TN95857633,4717099011225,5,E0512G,50602,2,90,49,0,0,0,98,98,0,93.33,4.67,1,,,0,0,,,1,,,,0,R,N,N,49,,Y,0,0,,N,506028801617,1,,49,0,,,S,0,0,,N,0,,,0,0,0,N,3,0,,0,0,0,0,1/16/2015 13:27,8888,,,資料本-40頁入紙
82102,1/16/2015 0:00,821022,73,7,1/16/2015 13:27,TN95857633,4713760104487,5,E0004K,50501,1,190,152,0,0,0,152,152,0,144.76,7.24,1,,,0,0,,,1,,,,0,R,N,N,152,,Y,0,0,,N,505018812275,1,,152,0,,,S,0,0,,N,0,,,0,0,0,N,3,0,,0,0,0,0,1/16/2015 13:27,8888,,,13K防護收納網袋-
82102,1/16/2015 0:00,821022,73,8,1/16/2015 13:27,TN95857633,4712922020634,5,E0001K,50108,1,220,176,0,0,0,176,176,0,167.62,8.38,1,,,0,0,,,1,,,,0,R,N,N,176,,Y,0,0,,N,501088806497,1,,176,0,,,S,0,0,,N,0,,,0,0,0,N,3,0,,0,0,0,0,1/16/2015 13:27,8888,,,9K牛皮信封(100入
82102,1/16/2015 0:00,821022,73,9,1/16/2015 13:27,TN95857633,4712922020597,5,E0001K,50108,1,450,360,0,0,0,360,360,0,342.86,17.14,1,,,0,0,,,1,,,,0,R,N,N,360,,Y,0,0,,N,501088806459,1,,360,0,,,S,0,0,,N,0,,,0,0,0,N,3,0,,0,0,0,0,1/16/2015 13:27,8888,,,5K牛皮信封(100入
82102,1/16/2015 0:00,821022,73,10,1/16/2015 13:27,TN95857633,4717099163047,5,E0512G,50601,3,75,39,0,0,0,117,117,0,111.43,5.57,1,,,0,0,,,1,,,,0,R,N,N,39,,Y,0,0,,N,506018801115,1,,39,0,,,S,0,0,,N,0,,,0,0,0,N,3,0,,0,0,0,0,1/16/2015 13:27,8888,,,新德牌U310文件套
82102,1/16/2015 0:00,821022,73,11,1/16/2015 13:27,TN95857633,4712839862686,5,E0023K,51105,1,40,30,0,0,0,30,30,0,28.57,1.43,1,,,0,0,,,1,,,,0,R,N,N,30,,Y,0,0,,N,511058800585,1,,30,0,,,S,0,0,,N,0,,,0,0,0,N,3,0,,0,0,0,0,1/16/2015 13:27,8888,,,一般型免機器護貝
82102,1/16/2015 0:00,821022,74,1,1/16/2015 13:28,TN95857634,4714253300089,5,E0501G,50704,1,53,39,0,0,0,39,39,0,37.14,1.86,1,,,0,0,,,1,,,,0,R,N,N,39,,Y,0,0,,N,507048801441,1,,39,0,,,S,0,0,,N,0,,,0,0,0,N,3,0,,0,0,0,0,1/16/2015 13:28,8888,,,自強粉筆-綠.藍.
82102,1/16/2015 0:00,821022,75,1,1/16/2015 13:28,TN95857635,4713696365815,5,E0009K,50103,1,150,99,0,0,0,99,99,0,94.29,4.71,1,,,0,0,,,1,,,,0,R,N,N,99,,Y,0,0,,N,501038813964,1,,99,0,,,S,0,0,,N,0,,,0,0,0,N,3,0,,0,0,0,0,1/16/2015 13:28,8888,,,2015事務靚彩手冊
82102,1/16/2015 0:00,821022,75,2,1/16/2015 13:28,TN95857635,4711577021034,5,E0502G,51013,1,25,15,0,0,0,15,15,0,14.29,0.71,1,,,0,0,,,1,,,,0,R,N,N,15,,Y,0,0,,N,510138803911,1,,15,0,,,S,0,0,,N,0,,,0,0,0,N,3,0,,0,0,0,0,1/16/2015 13:28,8888,,,百點ZE80橡皮擦綠
82102,1/16/2015 0:00,821022,76,1,1/16/2015 13:28,TN95857636,4710367836438,5,E0502G,51118,1,40,30,0,0,0,30,30,0,28.57,1.43,1,,,0,0,,,1,,,,0,R,N,N,30,,Y,0,0,,N,511188805030,1,,30,0,,,S,0,0,,N,0,,,0,0,0,N,1,0,,0,0,0,0,1/16/2015 13:28,8888,,,3M 8色螢光標籤58
82102,1/16/2015 0:00,821022,77,1,1/16/2015 13:29,TN95857637,4902778657485,5,E0501G,51003,1,48,27,0,0,0,27,27,0,25.71,1.29,1,,,0,0,,,1,,,,0,R,N,N,27,,Y,0,0,,N,510038800805,1,,27,0,,,S,0,0,,N,0,,,0,0,0,N,3,0,,0,0,0,0,1/16/2015 13:29,8888,,,UM151-酒紅.38
82102,1/16/2015 0:00,821022,78,1,1/16/2015 13:30,TN95857638,4712922029309,4,E0001K,40204,1,45,36,0,0,0,36,36,0,34.29,1.71,1,,,0,0,,,1,,,,0,R,N,N,36,,Y,0,0,,N,402048801845,1,,36,0,,,S,0,0,,N,0,,,0,0,0,N,3,0,,0,0,0,0,1/16/2015 13:30,8888,,,新雲龍色紙100入
82102,1/16/2015 0:00,821022,78,2,1/16/2015 13:30,TN95857638,4719271049750,4,E0017K,40805,1,40,30,0,0,0,30,30,0,28.57,1.43,1,,,0,0,,,1,,,,0,R,N,N,30,,Y,0,0,,N,408058801899,1,,30,0,,,S,0,0,,N,0,,,0,0,0,N,3,0,,0,0,0,0,1/16/2015 13:30,8888,,,A4 190P道林紙(20
82102,1/16/2015 0:00,821022,78,3,1/16/2015 13:30,TN95857638,4710736227621,5,E0506K,50802,1,299,239,0,0,0,239,239,0,227.62,11.38,1,,,0,0,,,1,,,,0,R,N,N,239,,Y,0,0,,N,508028800508,1,,239,0,,,S,0,0,,N,0,,,0,0,0,N,3,0,,0,0,0,0,1/16/2015 13:30,8888,,,A4雪白特厚紙-白
82102,1/16/2015 0:00,821022,78,4,1/16/2015 13:30,TN95857638,4719271030369,4,E0017K,40803,1,50,49,0,0,0,49,49,0,46.67,2.33,1,,,0,0,,,1,,,,0,R,N,N,49,,Y,0,0,,N,408038800041,1,,49,0,,,S,0,0,,N,0,,,0,0,0,N,3,0,,0,0,0,0,1/16/2015 13:30,8888,,,粉彩紙(混合包)A4
82102,1/16/2015 0:00,821022,78,5,1/16/2015 13:30,TN95857638,909070601714,4,E0017K,40805,4,5,5,0,0,0,20,20,0,19.05,0.95,1,,,0,0,,,1,,,,0,R,N,N,5,,Y,0,0,,N,408058801523,1,,5,0,,,S,0,0,,N,0,,,0,0,0,N,1,0,,0,0,0,0,1/16/2015 13:30,8888,,,美術紙-A4-(總)
82102,1/16/2015 0:00,821022,79,1,1/16/2015 13:30,TN95857639,4711213786693,4,D0001K,40201,1,30,24,0,0,0,24,24,0,22.86,1.14,1,,,0,0,,,1,,,,0,R,N,N,24,,Y,0,0,,N,402012100011,1,,24,0,,,S,0,0,,N,0,,,0,0,0,N,3,0,,0,0,0,0,1/16/2015 13:30,8888,,,犀鳥單色毛線
82102,1/16/2015 0:00,821022,79,2,1/16/2015 13:30,TN95857639,909070601714,4,E0017K,40805,1,5,5,0,0,0,5,5,0,4.76,0.24,1,,,0,0,,,1,,,,0,R,N,N,5,,Y,0,0,,N,408058801523,1,,5,0,,,S,0,0,,N,0,,,0,0,0,N,1,0,,0,0,0,0,1/16/2015 13:30,8888,,,美術紙-A4-(總)
82102,1/16/2015 0:00,821022,80,1,1/16/2015 13:31,TN95857640,4713752589988,5,E0013K,50501,1,50,40,0,0,0,40,40,0,38.1,1.9,1,,,0,0,,,1,,,,0,R,N,N,40,,Y,0,0,,N,505018803631,1,,40,0,,,S,0,0,,N,0,,,0,0,0,N,3,0,,0,0,0,0,1/16/2015 13:31,8888,,,時尚輕便袋-50K
82102,1/16/2015 0:00,821022,81,1,1/16/2015 13:31,TN95857641,21200728136,5,E0501G,51114,3,95,69,0,0,0,207,207,0,197.14,9.86,1,,,0,0,,,1,,,,0,R,N,N,69,,Y,0,0,,N,511178800151,1,,69,0,,,S,0,0,,N,0,,,0,0,0,N,3,0,,0,0,0,0,1/16/2015 13:31,8888,,,3M隱形膠帶 810-3
82102,1/16/2015 0:00,821022,82,1,1/16/2015 13:31,TN95857642,8809295510759,1,U0001A,10604,2,25,15,0,0,0,26,26,0,24.76,1.24,1,,90001004750,0,0,,,P,,,,0,R,N,N,15,90001,N,0,0,,N,106048600018,1,,13,-4,,,S,0,0,,N,0,,,0,0,0,N,3,0,,0,0,0,0,1/16/2015 13:31,8888,,,點心犬面紙1075
82102,1/16/2015 0:00,821022,82,2,1/16/2015 13:31,TN95857642,8809229023232,1,U0001A,10604,1,25,15,0,0,0,13,13,0,12.38,0.62,1,,90001004750,0,0,,,P,,,,0,R,N,N,15,90001,N,0,0,,N,106048200072,1,,13,-2,,,S,0,0,,N,0,,,0,0,0,N,3,0,,0,0,0,0,1/16/2015 13:31,8888,,,可愛女孩面紙3232
82102,1/16/2015 0:00,821022,83,1,1/16/2015 13:32,TN95857643,4718251401304,5,E0516K,50501,2,25,20,0,0,0,40,40,0,38.1,1.9,1,,,0,0,,,1,,,,0,R,N,N,20,,Y,0,0,,N,505018807301,1,,20,0,,,S,0,0,,N,0,,,0,0,0,N,3,0,,0,0,0,0,1/16/2015 13:32,8888,,,加厚直魔扣公文袋
82102,1/16/2015 0:00,821022,84,1,1/16/2015 13:32,TN95857644,4713501872026,5,E0501G,51114,1,40,30,0,0,0,30,30,0,28.57,1.43,1,,,0,0,,,1,,,,0,R,N,N,30,,Y,0,0,,N,511148803182,1,,30,0,,,S,0,0,,N,0,,,0,0,0,N,3,0,,0,0,0,0,1/16/2015 13:32,8888,,,波拉貝爾隨意貼 3
82102,1/16/2015 0:00,821022,84,2,1/16/2015 13:32,TN95857644,1111140101379,8,X0007M,81301,1,20,12,0,0,0,12,12,0,11.43,0.57,1,,,0,0,,,1,,,,0,R,N,N,12,,Y,0,0,,N,813018800278,1,,12,0,,,S,0,0,,N,0,,,0,0,0,N,3,0,,0,0,0,0,1/16/2015 13:32,8888,,,快乾膠
82102,1/16/2015 0:00,821022,85,1,1/16/2015 13:33,TN95857645,4714758131591,5,X0015O,50303,1,60,48,0,0,0,48,48,0,45.71,2.29,1,,,0,0,,,1,,,,0,R,N,N,48,,Y,0,0,,N,503038817379,1,,48,0,,,S,0,0,,N,0,,,0,0,0,N,3,0,,0,0,0,0,1/16/2015 13:33,8888,,,動物樂園32K隨手
82102,1/16/2015 0:00,821022,85,2,1/16/2015 13:33,TN95857645,4713696365907,5,E0009K,50103,1,160,115,0,0,0,115,115,0,109.52,5.48,1,,,0,0,,,1,,,,0,R,N,N,115,,Y,0,0,,N,501038813971,1,,115,0,,,S,0,0,,N,0,,,0,0,0,N,3,0,,0,0,0,0,1/16/2015 13:33,8888,,,2015 o-cat年度手
82102,1/16/2015 0:00,821022,86,1,1/16/2015 13:34,TN95857646,4710609100013,5,X0005G,51008,5,20,12,0,0,0,60,60,0,57.14,2.86,1,,,0,0,,,1,,,,0,R,N,N,12,,Y,0,0,,N,510088801692,1,,12,0,,,S,0,0,,N,0,,,0,0,0,N,3,0,,0,0,0,0,1/16/2015 13:34,8888,,,雄獅200奇異筆-黑
82102,1/16/2015 0:00,821022,86,2,1/16/2015 13:34,TN95857646,4536111901395,5,E0503G,51002,5,10,7,0,0,0,35,35,0,33.33,1.67,1,,,0,0,,,1,,,,0,R,N,N,7,,Y,0,0,,N,510028803564,1,,7,0,,,S,0,0,,N,0,,,0,0,0,N,3,0,,0,0,0,0,1/16/2015 13:34,8888,,,OB #1007原子筆-
82102,1/16/2015 0:00,821022,87,1,1/16/2015 13:36,TN95857647,4714551846135,5,E0014K,50107,1,30,24,0,0,0,24,24,0,22.86,1.14,1,,,0,0,,,1,,,,0,R,N,N,24,,Y,0,0,,N,501078806483,1,,24,0,,,S,0,0,,N,0,,,0,0,0,N,3,0,,0,0,0,0,1/16/2015 13:36,8888,,,poca32入信紙
82102,1/16/2015 0:00,821022,87,2,1/16/2015 13:36,TN95857647,4712755193864,5,E0012K,50202,1,25,20,0,0,0,20,20,0,19.05,0.95,1,,,0,0,,,1,,,,0,R,N,N,20,,Y,0,0,,N,502028806317,1,,20,0,,,S,0,0,,N,0,,,0,0,0,N,3,0,,0,0,0,0,1/16/2015 13:36,8888,,,新25K定頁筆記-熊
82102,1/16/2015 0:00,821022,87,3,1/16/2015 13:36,TN95857647,4716820304681,5,E0018K,50202,1,25,20,0,0,0,20,20,0,19.05,0.95,1,,,0,0,,,1,,,,0,R,N,N,20,,Y,0,0,,N,502028812448,1,,20,0,,,S,0,0,,N,0,,,0,0,0,N,3,0,,0,0,0,0,1/16/2015 13:36,8888,,,O ha yo 25K橫線
82102,1/16/2015 0:00,821022,87,4,1/16/2015 13:36,TN95857647,4716820302274,5,E0018K,50202,2,25,20,0,0,0,40,40,0,38.1,1.9,1,,,0,0,,,1,,,,0,R,N,N,20,,Y,0,0,,N,502028811021,1,,20,0,,,S,0,0,,N,0,,,0,0,0,N,3,0,,0,0,0,0,1/16/2015 13:36,8888,,,O ha yo 25K橫線
82102,1/16/2015 0:00,821022,87,5,1/16/2015 13:36,TN95857647,4710211010083,5,E0501G,51117,1,15,11,0,0,0,11,11,0,10.48,0.52,1,,,0,0,,,1,,,,0,R,N,N,11,,Y,0,0,,N,511208800397,1,,11,0,,,S,0,0,,N,0,,,0,0,0,N,3,0,,0,0,0,0,1/16/2015 13:36,8888,,,WL-1008華麗標籤
82102,1/16/2015 0:00,821022,87,6,1/16/2015 13:36,TN95857647,4715800881815,5,E0002K,50105,1,29,29,0,0,0,29,29,0,27.62,1.38,1,,,0,0,,,1,,,,0,R,N,N,29,,Y,0,0,,N,501058822557,1,,29,0,,,S,0,0,,N,0,,,0,0,0,N,3,0,,0,0,0,0,1/16/2015 13:36,8888,,,特)29元50K膠面便
82102,1/16/2015 0:00,821022,87,7,1/16/2015 13:36,TN95857647,4710367605515,5,E0501G,50105,1,65,48,0,0,0,48,48,0,45.71,2.29,1,,,0,0,,,1,,,,0,R,N,N,48,,Y,0,0,,N,501058809695,1,,48,0,,,S,0,0,,N,0,,,0,0,0,N,3,0,,0,0,0,0,1/16/2015 13:36,8888,,,3M狠黏紙磚便條紙
82102,1/16/2015 0:00,821022,87,8,1/16/2015 13:36,TN95857647,4710677033701,5,E0507G,51001,12,10,7,0,0,0,84,84,0,80,4,1,,,0,0,,,1,,,,0,R,N,N,7,,Y,0,0,,N,510018814815,1,,7,0,,,S,0,0,,N,0,,,0,0,0,N,3,0,,0,0,0,0,1/16/2015 13:36,8888,,,IP-1002(0.5)自動
82102,1/16/2015 0:00,821022,87,9,1/16/2015 13:36,TN95857647,4713045007694,5,E0502G,51011,6,10,6,0,0,0,36,36,0,34.29,1.71,1,,,0,0,,,1,,,,0,R,N,N,6,,Y,0,0,,N,510118801852,1,,6,0,,,S,0,0,,N,0,,,0,0,0,N,3,0,,0,0,0,0,1/16/2015 13:36,8888,,,上昇彩虹筆(單)
82102,1/16/2015 0:00,821022,88,1,1/16/2015 13:36,TN95857648,4717605093110,5,E0525P,50804,1,50,40,0,0,0,40,40,0,38.1,1.9,1,,,0,0,,,1,,,,0,R,N,N,40,,Y,0,0,,N,508048800526,1,,40,0,,,S,0,0,,N,0,,,0,0,0,N,3,0,,0,0,0,0,1/16/2015 13:36,8888,,,愛簡單A4 400字稿
82102,1/16/2015 0:00,821022,88,2,1/16/2015 13:36,TN95857648,4710609876925,5,X0005G,51010,1,10,7,0,0,0,7,7,0,6.67,0.33,1,,,0,0,,,1,,,,0,R,N,N,7,,Y,0,0,,N,510108800063,1,,7,0,,,S,0,0,,N,0,,,0,0,0,N,3,0,,0,0,0,0,1/16/2015 13:36,8888,,,雄獅FM-35螢光筆-
82102,1/16/2015 0:00,821022,88,3,1/16/2015 13:36,TN95857648,4710609900538,5,X0005G,51112,1,15,8,0,0,0,8,8,0,7.62,0.38,1,,,0,0,,,1,,,,0,R,N,N,8,,Y,0,0,,N,511158800089,1,,8,0,,,S,0,0,,N,0,,,0,0,0,N,3,0,,0,0,0,0,1/16/2015 13:36,8888,,,雄獅GS-104口紅膠
82102,1/16/2015 0:00,821022,88,4,1/16/2015 13:36,TN95857648,4714182001538,5,E0502G,51010,1,15,10,0,0,0,10,10,0,9.52,0.48,1,,,0,0,,,1,,,,0,R,N,N,10,,Y,0,0,,N,510108800599,1,,10,0,,,S,0,0,,N,0,,,0,0,0,N,3,0,,0,0,0,0,1/16/2015 13:36,8888,,,優點可擦拭螢光筆
82102,1/16/2015 0:00,821022,88,5,1/16/2015 13:36,TN95857648,4902505154669,5,E0502G,51002,1,35,26,0,0,0,26,26,0,24.76,1.24,1,,,0,0,,,1,,,,0,R,N,N,26,,Y,0,0,,N,510028806862,1,,26,0,,,S,0,0,,N,0,,,0,0,0,N,3,0,,0,0,0,0,1/16/2015 13:36,8888,,,百樂10R原子筆-藍
82102,1/16/2015 0:00,821022,89,1,1/16/2015 13:37,TN95857649,4713809250632,5,E0001K,51107,8,40,30,0,0,0,240,240,0,228.57,11.43,1,,,0,0,,,1,,,,0,R,N,N,30,,Y,0,0,,N,511078800428,1,,30,0,,,S,0,0,,N,0,,,0,0,0,N,3,0,,0,0,0,0,1/16/2015 13:37,8888,,,20X2mm超強磁鐵
82102,1/16/2015 0:00,821022,90,1,1/16/2015 13:37,TN95857650,4712765874142,4,E0016K,40701,1,70,56,0,0,0,56,56,0,53.33,2.67,1,,,0,0,,,1,,,,0,R,N,N,56,,Y,0,0,,N,407018808596,1,,56,0,,,S,0,0,,N,0,,,0,0,0,N,3,0,,0,0,0,0,1/16/2015 13:37,8888,,,手繪塗鴉-兔子生
82102,1/16/2015 0:00,821022,91,1,1/16/2015 13:37,TN95857651,4902778805251,5,E0501G,51003,1,45,29,0,0,0,29,29,0,27.62,1.38,1,,,0,0,,,1,,,,0,R,N,N,29,,Y,0,0,,N,510038804131,1,,29,0,,,S,0,0,,N,0,,,0,0,0,N,3,0,,0,0,0,0,1/16/2015 13:37,8888,,,三菱157S溜溜筆
82102,1/16/2015 0:00,821022,91,2,1/16/2015 13:37,TN95857651,4902778805244,5,E0501G,51003,2,45,29,0,0,0,58,58,0,55.24,2.76,1,,,0,0,,,1,,,,0,R,N,N,29,,Y,0,0,,N,510038804124,1,,29,0,,,S,0,0,,N,0,,,0,0,0,N,3,0,,0,0,0,0,1/16/2015 13:37,8888,,,三菱157S溜溜筆
82102,1/16/2015 0:00,821022,92,1,1/16/2015 13:38,TN95857652,4711671971532,5,E0512G,50601,2,60,29,0,0,0,58,58,0,55.24,2.76,1,,,0,0,,,1,,,,0,R,N,N,29,,Y,0,0,,N,506018815280,1,,29,0,,,S,0,0,,N,0,,,0,0,0,N,3,0,,0,0,0,0,1/16/2015 13:38,8888,,,E310L型文件夾*白
82102,1/16/2015 0:00,821022,93,1,1/16/2015 13:39,TN95857653,4713501030242,5,E0503G,51114,1,65,49,0,0,0,49,49,0,46.67,2.33,1,,,0,0,,,1,,,,0,R,N,N,49,,Y,0,0,,N,511178802841,1,,49,0,,,S,0,0,,N,0,,,0,0,0,N,3,0,,0,0,0,0,1/16/2015 13:39,8888,,,霧面透明封箱膠帶
82102,1/16/2015 0:00,821022,94,1,1/16/2015 13:39,TN95857654,4710736890221,5,E0501G,51113,1,70,52,0,0,0,52,52,0,49.52,2.48,1,,,0,0,,,1,,,,0,R,N,N,52,,Y,0,0,,N,511138801297,1,,52,0,,,S,0,0,,N,0,,,0,0,0,N,3,0,,0,0,0,0,1/16/2015 13:39,8888,,,富士雙倍超黏多用
82102,1/16/2015 0:00,821022,95,1,1/16/2015 13:42,TN95857655,4710736220103,5,E0506K,50802,1,85,68,0,0,0,68,68,0,64.76,3.24,1,,,0,0,,,1,,,,0,R,N,N,68,,Y,0,0,,N,508028804346,1,,68,0,,,S,0,0,,N,0,,,0,0,0,N,3,0,,0,0,0,0,1/16/2015 13:42,8888,,,A4電腦標籤紙2X5(
82102,1/16/2015 0:00,821022,95,2,1/16/2015 13:42,TN95857655,4710736220097,5,E0506K,50802,-1,85,68,0,0,0,-68,-68,0,-64.76,-3.24,1,,,0,0,,,1,,,,0,R,N,N,68,,Y,0,0,S,N,508028804339,1,,68,0,,,S,0,0,,N,0,,,0,0,0,N,3,0,,0,0,0,0,1/16/2015 13:42,8888,,,A4電腦標籤紙2X4(
82102,1/16/2015 0:00,821022,95,3,1/16/2015 13:42,TN95857655,4712839863249,5,E0023K,50604,1,150,119,0,0,0,119,119,0,113.33,5.67,1,,,0,0,,,1,,,,0,R,N,N,119,,Y,0,0,,N,506048800539,1,,119,0,,,S,0,0,,N,0,,,0,0,0,N,3,0,,0,0,0,0,1/16/2015 13:42,8888,,,實用型-EZ資料袋1
82102,1/16/2015 0:00,821022,95,4,1/16/2015 13:42,TN95857655,4712839863263,5,E0023K,50604,6,180,149,0,0,0,894,894,0,851.43,42.57,1,,,0,0,,,1,,,,0,R,N,N,149,,Y,0,0,,N,506048800546,1,,149,0,,,S,0,0,,N,0,,,0,0,0,N,3,0,,0,0,0,0,1/16/2015 13:42,8888,,,超厚型-EZ資料袋1
82102,1/16/2015 0:00,821022,96,1,1/16/2015 13:43,TN95857656,4713269875666,4,E0019K,40101,1,20,16,0,0,0,16,16,0,15.24,0.76,1,,,0,0,,,1,,,,0,R,N,N,16,,Y,0,0,,N,401018835590,1,,16,0,,,S,0,0,,N,0,,,0,0,0,N,3,0,,0,0,0,0,1/16/2015 13:43,8888,,,台灣遊藝貼
82102,1/16/2015 0:00,821022,96,2,1/16/2015 13:43,TN95857656,4714551511309,4,E0014K,40101,1,20,16,0,0,0,16,16,0,15.24,0.76,1,,,0,0,,,1,,,,0,R,N,N,16,,Y,0,0,,N,401018836993,1,,16,0,,,S,0,0,,N,0,,,0,0,0,N,3,0,,0,0,0,0,1/16/2015 13:43,8888,,,連續漫畫貼紙-恐
82102,1/16/2015 0:00,821022,96,3,1/16/2015 13:43,TN95857656,4710609876864,5,X0005G,51008,1,25,18,0,0,0,18,18,0,17.14,0.86,1,,,0,0,,,1,,,,0,R,N,N,18,,Y,0,0,,N,510088801876,1,,18,0,,,S,0,0,,N,0,,,0,0,0,N,3,0,,0,0,0,0,1/16/2015 13:43,8888,,,雄獅金屬色奇異筆
82102,1/16/2015 0:00,821022,96,4,1/16/2015 13:43,TN95857656,4710609876833,5,X0005G,51008,1,25,18,0,0,0,18,18,0,17.14,0.86,1,,,0,0,,,1,,,,0,R,N,N,18,,Y,0,0,,N,510088801845,1,,18,0,,,S,0,0,,N,0,,,0,0,0,N,3,0,,0,0,0,0,1/16/2015 13:43,8888,,,雄獅金屬色奇異筆
82102,1/16/2015 0:00,821022,96,5,1/16/2015 13:43,TN95857656,4710609876857,5,X0005G,51008,1,25,18,0,0,0,18,18,0,17.14,0.86,1,,,0,0,,,1,,,,0,R,N,N,18,,Y,0,0,,N,510088801869,1,,18,0,,,S,0,0,,N,0,,,0,0,0,N,3,0,,0,0,0,0,1/16/2015 13:43,8888,,,雄獅金屬色奇異筆
82102,1/16/2015 0:00,821022,96,6,1/16/2015 13:43,TN95857656,4710609876840,5,X0005G,51008,1,25,18,0,0,0,18,18,0,17.14,0.86,1,,,0,0,,,1,,,,0,R,N,N,18,,Y,0,0,,N,510088801852,1,,18,0,,,S,0,0,,N,0,,,0,0,0,N,3,0,,0,0,0,0,1/16/2015 13:43,8888,,,雄獅金屬色奇異筆
82102,1/16/2015 0:00,821022,96,7,1/16/2015 13:43,TN95857656,4710609877007,5,X0005G,51008,1,25,18,0,0,0,18,18,0,17.14,0.86,1,,,0,0,,,1,,,,0,R,N,N,18,,Y,0,0,,N,510088801890,1,,18,0,,,S,0,0,,N,0,,,0,0,0,N,3,0,,0,0,0,0,1/16/2015 13:43,8888,,,雄獅金屬色奇異筆
82102,1/16/2015 0:00,821022,96,8,1/16/2015 13:43,TN95857656,4713501050042,5,E0503G,51114,1,10,7,0,0,0,7,7,0,6.67,0.33,1,,,0,0,,,1,,,,0,R,N,N,7,,Y,0,0,,N,511178800427,1,,7,0,,,S,0,0,,N,0,,,0,0,0,N,3,0,,0,0,0,0,1/16/2015 13:43,8888,,,北極熊10元膠帶連
82102,1/16/2015 0:00,821022,97,1,1/16/2015 13:43,TN95857657,4717099011218,5,E0512G,50602,1,50,29,0,0,0,29,29,0,27.62,1.38,1,,,0,0,,,1,,,,0,R,N,N,29,,Y,0,0,,N,506028801600,1,,29,0,,,S,0,0,,N,0,,,0,0,0,N,3,0,,0,0,0,0,1/16/2015 13:43,8888,,,資料本-20頁入紙
82102,1/16/2015 0:00,821022,97,2,1/16/2015 13:43,TN95857657,4717099011225,5,E0512G,50602,1,90,49,0,0,0,49,49,0,46.67,2.33,1,,,0,0,,,1,,,,0,R,N,N,49,,Y,0,0,,N,506028801617,1,,49,0,,,S,0,0,,N,0,,,0,0,0,N,3,0,,0,0,0,0,1/16/2015 13:43,8888,,,資料本-40頁入紙
82102,1/16/2015 0:00,821022,97,3,1/16/2015 13:43,TN95857657,4717605088741,5,E0525P,50202,1,80,64,0,0,0,64,64,0,60.95,3.05,1,,,0,0,,,1,,,,0,R,N,N,64,,Y,0,0,,N,502028806584,1,,64,0,,,S,0,0,,N,0,,,0,0,0,N,3,0,,0,0,0,0,1/16/2015 13:43,8888,,,NC25K膠圈筆記黑.
82102,1/16/2015 0:00,821022,98,1,1/16/2015 13:47,TN95857658,4715409948032,5,E0025K,50201,4,35,19,0,0,0,76,76,0,72.38,3.62,1,,,0,0,,,1,,,,0,R,N,N,19,,Y,0,0,,N,502018815114,1,,19,0,,,S,0,0,,N,0,,,0,0,0,N,3,0,,0,0,0,0,1/16/2015 13:47,8888,,,冰雪奇緣16K固頁
82102,1/16/2015 0:00,821022,98,2,1/16/2015 13:47,TN95857658,4710609904536,5,X0005G,51001,1,60,45,0,0,0,45,45,0,42.86,2.14,1,,,0,0,,,1,,,,0,R,N,N,45,,Y,0,0,,N,510018810947,1,,45,0,,,S,0,0,,N,0,,,0,0,0,N,3,0,,0,0,0,0,1/16/2015 13:47,8888,,,奶油獅169好朋友
82102,1/16/2015 0:00,821022,98,3,1/16/2015 13:47,TN95857658,4710609904499,5,X0005G,51001,1,60,45,0,0,0,45,45,0,42.86,2.14,1,,,0,0,,,1,,,,0,R,N,N,45,,Y,0,0,,N,510018810923,1,,45,0,,,S,0,0,,N,0,,,0,0,0,N,3,0,,0,0,0,0,1/16/2015 13:47,8888,,,奶油獅167好朋友
82102,1/16/2015 0:00,821022,98,4,1/16/2015 13:47,TN95857658,4710609205596,5,X0005G,51001,1,60,45,0,0,0,45,45,0,42.86,2.14,1,,,0,0,,,1,,,,0,R,N,N,45,,Y,0,0,,N,510018814006,1,,45,0,,,S,0,0,,N,0,,,0,0,0,N,3,0,,0,0,0,0,1/16/2015 13:47,8888,,,雄獅1101 HB昆蟲
82102,1/16/2015 0:00,821022,98,5,1/16/2015 13:47,TN95857658,4710609401363,5,X0005G,51012,2,45,33,0,0,0,66,66,0,62.86,3.14,1,,,0,0,,,1,,,,0,R,N,N,33,,Y,0,0,,N,510128800098,1,,33,0,,,S,0,0,,N,0,,,0,0,0,N,3,0,,0,0,0,0,1/16/2015 13:47,8888,,,雄獅12色特大粉蠟
82102,1/16/2015 0:00,821022,98,6,1/16/2015 13:47,TN95857658,4711577021652,5,E0502G,51011,3,70,52,0,0,0,156,156,0,148.57,7.43,1,,,0,0,,,1,,,,0,R,N,N,52,,Y,0,0,,N,510118802965,1,,52,0,,,S,0,0,,N,0,,,0,0,0,N,3,0,,0,0,0,0,1/16/2015 13:47,8888,,,百點彩色鉛筆12C
82102,1/16/2015 0:00,821022,98,7,1/16/2015 13:47,TN95857658,4713760105026,5,E0004K,50203,4,20,16,0,0,0,64,64,0,60.95,3.05,1,,,0,0,,,1,,,,0,R,N,N,16,,Y,0,0,,N,502038820389,1,,16,0,,,S,0,0,,N,0,,,0,0,0,N,3,0,,0,0,0,0,1/16/2015 13:47,8888,,,32K定頁筆記本(方
82102,1/16/2015 0:00,821022,98,8,1/16/2015 13:47,TN95857658,4713760105019,5,E0004K,50203,1,20,16,0,0,0,16,16,0,15.24,0.76,1,,,0,0,,,1,,,,0,R,N,N,16,,Y,0,0,,N,502038820341,1,,16,0,,,S,0,0,,N,0,,,0,0,0,N,3,0,,0,0,0,0,1/16/2015 13:47,8888,,,32K定頁筆記本(空
82102,1/16/2015 0:00,821022,98,9,1/16/2015 13:47,TN95857658,260803040010,4,U0003A,40102,4,50,19,0,0,0,76,76,0,72.38,3.62,1,,,0,0,,,1,,,,0,R,N,N,19,,Y,0,0,,N,401028600027,1,,19,0,,,S,0,0,,N,0,,,0,0,0,N,3,0,,0,0,0,0,1/16/2015 13:47,8888,,,可愛卡通裝飾膠帶
82102,1/16/2015 0:00,821022,98,10,1/16/2015 13:47,TN95857658,4713809250816,4,E0001K,40201,1,25,20,0,0,0,20,20,0,19.05,0.95,1,,,0,0,,,1,,,,0,R,N,N,20,,Y,0,0,,N,402018813038,1,,20,0,,,S,0,0,,N,0,,,0,0,0,N,3,0,,0,0,0,0,1/16/2015 13:47,8888,,,冰棒工藝（14 cm
82102,1/16/2015 0:00,821022,98,11,1/16/2015 13:47,TN95857658,8809336089893,5,U0001A,50203,2,60,25,0,0,0,50,50,0,47.62,2.38,1,,,0,0,,,1,,,,0,R,N,N,25,,Y,0,0,,N,502038201393,1,,25,0,,,S,0,0,,N,0,,,0,0,0,N,3,0,,0,0,0,0,1/16/2015 13:47,8888,,,minidoll64k筆記
82102,1/16/2015 0:00,821022,98,12,1/16/2015 13:47,TN95857658,8809248239249,5,U0001A,50203,2,50,19,0,0,0,38,38,0,36.19,1.81,1,,,0,0,,,1,,,,0,R,N,N,19,,Y,0,0,,N,502038201355,1,,19,0,,,S,0,0,,N,0,,,0,0,0,N,3,0,,0,0,0,0,1/16/2015 13:47,8888,,,小熊64K三式筆記
82102,1/16/2015 0:00,821022,98,13,1/16/2015 13:47,TN95857658,4711734179707,5,E0502G,51013,5,65,29,0,0,0,145,145,0,138.1,6.9,1,,,0,0,,,1,,,,0,R,N,N,29,,Y,0,0,,N,510138800040,1,,29,0,,,S,0,0,,N,0,,,0,0,0,N,3,0,,0,0,0,0,1/16/2015 13:47,8888,,,SDI CT-206修正帶
82102,1/16/2015 0:00,821022,98,14,1/16/2015 13:47,TN95857658,4711734179301,5,E0502G,51013,5,65,29,0,0,0,145,145,0,138.1,6.9,1,,,0,0,,,1,,,,0,R,N,N,29,,Y,0,0,,N,510138800026,1,,29,0,,,S,0,0,,N,0,,,0,0,0,N,3,0,,0,0,0,0,1/16/2015 13:47,8888,,,SDI CT-204修正帶
82102,1/16/2015 0:00,821022,98,15,1/16/2015 13:47,TN95857658,4715800275324,5,E0002K,50701,3,15,12,0,0,0,36,36,0,34.29,1.71,1,,,0,0,,,1,,,,0,R,N,N,12,,Y,0,0,,N,507018808036,1,,12,0,,,S,0,0,,N,0,,,0,0,0,N,3,0,,0,0,0,0,1/16/2015 13:47,8888,,,呵比獅折尺
82102,1/16/2015 0:00,821022,98,16,1/16/2015 13:47,TN95857658,4713269888529,5,E0019K,50701,1,12,10,0,0,0,10,10,0,9.52,0.48,1,,,0,0,,,1,,,,0,R,N,N,10,,Y,0,0,,N,507018808487,1,,10,0,,,S,0,0,,N,0,,,0,0,0,N,3,0,,0,0,0,0,1/16/2015 13:47,8888,,,開學洞洞尺
82102,1/16/2015 0:00,821022,99,1,1/16/2015 13:48,TN95857659,4712602624060,5,E0501G,51114,1,65,48,0,0,0,48,48,0,45.71,2.29,1,,,0,0,,,1,,,,0,R,N,N,48,,Y,0,0,,N,511148800655,1,,48,0,,,S,0,0,,N,0,,,0,0,0,N,3,0,,0,0,0,0,1/16/2015 13:48,8888,,,橡皮圈30#1/2磅入
82102,1/16/2015 0:00,821022,100,1,1/16/2015 13:48,TN95857660,8856976000016,5,E0505G,50802,1,150,119,0,0,0,119,119,0,113.33,5.67,1,,,0,0,,,1,,,,0,R,N,N,119,,Y,0,0,,N,508028800027,1,,119,0,,,S,0,0,,N,0,,,0,0,0,N,3,0,,0,0,0,0,1/16/2015 13:48,8888,,,DOUBLE A影印紙A4
82102,1/16/2015 0:00,821022,101,1,1/16/2015 13:48,TN95857661,4977564304645,5,E0504C,51013,1,40,19,0,0,0,19,19,0,18.1,0.9,1,,,0,0,,,1,,,,0,R,N,N,19,,Y,0,0,,N,510138801559,1,,19,0,,,S,0,0,,N,0,,,0,0,0,N,3,0,,0,0,0,0,1/16/2015 13:48,8888,,,WH606R滾輪替換帶
82102,1/16/2015 0:00,821022,102,1,1/16/2015 13:48,TN95857662,4713501040388,5,E0503G,51114,1,120,90,0,0,0,90,90,0,85.71,4.29,1,,,0,0,,,1,,,,0,R,N,N,90,,Y,0,0,,N,511178800779,1,,90,0,,,S,0,0,,N,0,,,0,0,0,N,3,0,,0,0,0,0,1/16/2015 13:48,8888,,,布膠帶 48mm/15Y
82102,1/16/2015 0:00,821022,103,1,1/16/2015 13:49,TN95857663,4711671970801,5,E0512G,50601,1,120,55,0,0,0,55,55,0,52.38,2.62,1,,,0,0,,,1,,,,0,R,N,N,55,,Y,0,0,,N,506018815273,1,,55,0,,,S,0,0,,N,0,,,0,0,0,N,3,0,,0,0,0,0,1/16/2015 13:49,8888,,,Q310文件套(附桿)
82102,1/16/2015 0:00,821022,104,1,1/16/2015 13:49,TN95857664,4719854505345,8,E0001K,81002,1,25,18,0,0,0,18,18,0,17.14,0.86,1,,,0,0,,,1,,,,0,R,N,N,18,,Y,0,0,,N,810028800519,1,,18,0,,,S,0,0,,N,0,,,0,0,0,N,3,0,,0,0,0,0,1/16/2015 13:49,8888,,,樺木衣夾-大0534
82102,1/16/2015 0:00,821022,104,2,1/16/2015 13:49,TN95857664,4713027124920,5,E0006K,50507,1,20,16,0,0,0,16,16,0,15.24,0.76,1,,,0,0,,,1,,,,0,R,N,N,16,,Y,0,0,,N,505078801127,1,,16,0,,,S,0,0,,N,0,,,0,0,0,N,3,0,,0,0,0,0,1/16/2015 13:49,8888,,,壓克力展示框8*5.
82102,1/16/2015 0:00,821022,104,3,1/16/2015 13:49,TN95857664,4713027124913,5,E0006K,50507,1,20,16,0,0,0,16,16,0,15.24,0.76,1,,,0,0,,,1,,,,0,R,N,N,16,,Y,0,0,,N,505078801110,1,,16,0,,,S,0,0,,N,0,,,0,0,0,N,3,0,,0,0,0,0,1/16/2015 13:49,8888,,,壓克力展示框7*4.
82102,1/16/2015 0:00,821022,105,1,1/16/2015 13:52,TN95857665,4713269873792,4,E0019K,40101,1,20,16,0,0,0,16,16,0,15.24,0.76,1,,,0,0,,,1,,,,0,R,N,N,16,,Y,0,0,,N,401018831721,1,,16,0,,,S,0,0,,N,0,,,0,0,0,N,3,0,,0,0,0,0,1/16/2015 13:52,8888,,,新年快樂貼(20元)
82102,1/16/2015 0:00,821022,105,2,1/16/2015 13:52,TN95857665,4713269873778,4,E0019K,40101,1,20,16,0,0,0,16,16,0,15.24,0.76,1,,,0,0,,,1,,,,0,R,N,N,16,,Y,0,0,,N,401018831691,1,,16,0,,,S,0,0,,N,0,,,0,0,0,N,3,0,,0,0,0,0,1/16/2015 13:52,8888,,,歡樂新年貼(20元)
82102,1/16/2015 0:00,821022,105,3,1/16/2015 13:52,TN95857665,4977564510350,5,E0504C,51114,1,65,39,0,0,0,39,39,0,37.14,1.86,1,,,0,0,,,1,,,,0,R,N,N,39,,Y,0,0,,N,511178801813,1,,39,0,,,S,0,0,,N,0,,,0,0,0,N,3,0,,0,0,0,0,1/16/2015 13:52,8888,,,norino豆豆彩貼6
82102,1/16/2015 0:00,821022,105,4,1/16/2015 13:52,TN95857665,4902778692479,5,E0501G,51010,1,35,26,0,0,0,26,26,0,24.76,1.24,1,,,0,0,,,1,,,,0,R,N,N,26,,Y,0,0,,N,510108800483,1,,26,0,,,S,0,0,,N,0,,,0,0,0,N,3,0,,0,0,0,0,1/16/2015 13:52,8888,,,三菱102螢光筆粉
82102,1/16/2015 0:00,821022,105,5,1/16/2015 13:52,TN95857665,4902778692462,5,E0501G,51010,1,35,26,0,0,0,26,26,0,24.76,1.24,1,,,0,0,,,1,,,,0,R,N,N,26,,Y,0,0,,N,510108800476,1,,26,0,,,S,0,0,,N,0,,,0,0,0,N,3,0,,0,0,0,0,1/16/2015 13:52,8888,,,三菱102螢光筆黃
82102,1/16/2015 0:00,821022,106,1,1/16/2015 13:52,TN95857666,4715409948049,4,E0025K,40601,1,25,20,0,0,0,20,20,0,19.05,0.95,1,,,0,0,,,1,,,,0,R,N,N,20,,Y,0,0,,N,406018802344,1,,20,0,,,S,0,0,,N,0,,,0,0,0,N,3,0,,0,0,0,0,1/16/2015 13:52,8888,,,迪士尼授權紅包袋
82102,1/16/2015 0:00,821022,106,2,1/16/2015 13:52,TN95857666,4715409947165,4,E0025K,40601,1,25,20,0,0,0,20,20,0,19.05,0.95,1,,,0,0,,,1,,,,0,R,N,N,20,,Y,0,0,,N,406018802368,1,,20,0,,,S,0,0,,N,0,,,0,0,0,N,3,0,,0,0,0,0,1/16/2015 13:52,8888,,,冰雪奇緣授權紅包
82102,1/16/2015 0:00,821022,106,3,1/16/2015 13:52,TN95857666,4536111902149,5,E0503G,51002,1,10,7,0,0,0,7,7,0,6.67,0.33,1,,,0,0,,,1,,,,0,R,N,N,7,,Y,0,0,,N,510028805674,1,,7,0,,,S,0,0,,N,0,,,0,0,0,N,3,0,,0,0,0,0,1/16/2015 13:52,8888,,,OB1008 0.4原子筆
82102,1/16/2015 0:00,821022,107,1,1/16/2015 13:52,TN95857667,4711734172401,5,E0502G,50503,1,150,112,0,0,0,112,112,0,106.67,5.33,1,,,0,0,,,1,,,,0,R,N,N,112,,Y,0,0,,N,505038800399,1,,112,0,,,S,0,0,,N,0,,,0,0,0,N,3,0,,0,0,0,0,1/16/2015 13:52,8888,,,手牌烤漆書架1724
82102,1/16/2015 0:00,821022,108,1,1/16/2015 13:53,TN95857668,4902778154632,5,E0501G,51007,1,40,30,0,0,0,30,30,0,28.57,1.43,1,,,0,0,,,1,,,,0,R,N,N,30,,Y,0,0,,N,510078800650,1,,30,0,,,S,0,0,,N,0,,,0,0,0,N,3,0,,0,0,0,0,1/16/2015 13:53,8888,,,三菱代用針筆黑
82102,1/16/2015 0:00,821022,108,2,1/16/2015 13:53,TN95857668,4710211027418,5,E0501G,51117,1,25,18,0,0,0,18,18,0,17.14,0.86,1,,,0,0,,,1,,,,0,R,N,N,18,,Y,0,0,,N,511208801233,1,,18,0,,,S,0,0,,N,0,,,0,0,0,N,3,0,,0,0,0,0,1/16/2015 13:53,8888,,,WL-2029Y華麗彩色
