·x·x¥],2013-12-31,174,1021,16.9,64.25,3.9,0,4.9
·x·x¥],2014-01-01,132,1020.5,17.6,64.1667,4.5,0,9.1
·x·x¥],2014-01-02,65,1018,20.2,64.375,4.8,0,4.4
·x·x¥],2014-01-03,91,1015.7,19.9,66.5,2.7,0,0.9
·x·x¥],2014-01-04,117,1019.2,17.7,57.125,4.2,0,0
·x·x¥],2014-01-05,103,1021.6,15.7,58,4.9,0,8.2
·x·x¥],2014-01-06,81,1020.6,17.9,58.1667,5.1,0,2.1
·x·x¥],2014-01-07,42,1018,19.6,61.4583,3.4,0,7.7
·x·x¥],2014-01-08,47,1023,17,71.4167,3.8,6,2.6
·x·x¥],2014-01-09,86,1027,13.1,74.7083,4.8,7,0
·x·x¥],2014-01-10,86,1027.4,14.9,70.8333,5.4,0,0.1
·x·x¥],2014-01-11,74,1024.7,19.3,64.4167,4.2,0,9.7
·x·x¥],2014-01-12,98,1024.7,17.1,73.9167,3.2,1,0.8
·x·x¥],2014-01-13,72,1024.2,15.5,75.4583,4,0,0
·x·x¥],2014-01-14,106,1026,14,77.5833,2.6,15,0
·x·x¥],2014-01-15,106,1028.1,14.6,57.1667,5,0,2
·x·x¥],2014-01-16,86,1025.5,15.3,59.4583,5.8,0,2.7
·x·x¥],2014-01-17,97,1024,16.3,60.25,4.8,0,7.7
·x·x¥],2014-01-18,136,1030.4,14.3,58.4583,3.9,0,2.9
·x·x¥],2014-01-19,107,1028.5,16.4,53.2083,5.5,0,8.5
·x·x¥],2014-01-20,92,1024.7,15.7,64.625,3.3,0,4.2
·x·x¥],2014-01-21,176,1028.4,12.9,54.3333,4.2,0,0
·x·x¥],2014-01-22,151,1027.7,12.5,54.75,4.4,0,2.6
·x·x¥],2014-01-23,106,1025.2,15.7,52.5833,5.1,0,9
·x·x¥],2014-01-24,90,1020.5,16.4,57.7083,2.3,0,8.3
·x·x¥],2014-01-25,95,1020.5,17.8,55.7083,2.5,0,10.2
·x·x¥],2014-01-26,87,1022.9,16.4,62,3.9,0,0
·x·x¥],2014-01-27,54,1022.5,17.4,58.7917,6,0,8.3
·x·x¥],2014-01-28,31,1020.7,19.1,59,5.1,0,8.8
·x·x¥],2014-01-29,20,1019.9,20.1,60.5417,4.6,0,6.8
·x·x¥],2014-01-30,17,1020.5,19,58.75,2,0,9.2
·x·x¥],2014-01-31,5,1019.4,20.9,59.8333,5.9,0,7.7
·x·x¥],2014-02-01,8,1017.5,20.6,57.4167,2.2,0,9.9
·x·x¥],2014-02-02,8,1013.2,21.2,63.2917,2.6,0,4.3
·x·x¥],2014-02-03,13,1014.3,21.4,64.0833,4.5,1,9.4
·x·x¥],2014-02-04,18,1019,15.3,72.2917,6.7,1,0
·x·x¥],2014-02-05,15,1017.4,17.1,76.5833,5.3,16,0
·x·x¥],2014-02-06,22,1013.8,18.6,76.0417,2.9,3,1.3
·x·x¥],2014-02-07,18,1012,17.2,78.625,3.3,5,0
·x·x¥],2014-02-08,50,1015.8,14.3,77,5.3,15,0
·x·x¥],2014-02-09,44,1017.4,13.1,82.0833,4,89,0
·x·x¥],2014-02-10,124,1021.3,10,85.5833,3.5,10,0
·x·x¥],2014-02-11,248,1021.6,8.7,78.9167,2.5,6,0
·x·x¥],2014-02-12,119,1020.2,11.5,81.9583,1.3,22,0
·x·x¥],2014-02-13,105,1020.4,13.7,79.5833,3.6,20,0
·x·x¥],2014-02-14,95,1022.7,12.1,79.125,3.6,15,0
·x·x¥],2014-02-15,86,1022.1,13.9,69.0417,5.6,0,0
·x·x¥],2014-02-16,35,1020.1,17.5,69.2917,3.6,1,1.4
·x·x¥],2014-02-17,29,1020,20,65.625,2.1,0,6
·x·x¥],2014-02-18,34,1018,17.5,73.125,4.3,7,2.3
·x·x¥],2014-02-19,73,1024.2,12.2,81.5833,2.6,25,0
·x·x¥],2014-02-20,93,1028.5,12.5,61.3333,4.1,0,4.2
·x·x¥],2014-02-21,42,1027.6,14.8,59.2917,6.2,0,4.5
·x·x¥],2014-02-22,26,1023.7,17.5,66.4167,4.5,0,5.2
·x·x¥],2014-02-23,17,1022.6,19.3,60.5,5.2,0,10.1
·x·x¥],2014-02-24,11,1020.9,20.6,60.5417,4.5,0,6.5
·x·x¥],2014-02-25,11,1020.2,20.2,66.75,3,0,8.7
·x·x¥],2014-02-26,6,1020.1,20.4,67.3333,5.1,0,0.5
·x·x¥],2014-02-27,8,1022.1,19.2,69.9583,6.6,0,1.5
·x·x¥],2014-02-28,4,1019.3,21.6,65.875,5.2,0,5.4
·x·x¥],2014-03-01,5,1016,20.5,69.2083,3.6,0,0.8
·x·x¥],2014-03-02,8,1018.7,15.3,75.4583,4.9,4,0
·x·x¥],2014-03-03,9,1020.4,15.3,75.6667,4.7,13,0
·x·x¥],2014-03-04,5,1019.4,16,79.625,2.8,11,0
·x·x¥],2014-03-05,24,1022.1,14.6,74.0833,4.1,15,0
·x·x¥],2014-03-06,13,1023.1,13.7,79.5833,5,14,0
·x·x¥],2014-03-07,12,1023.9,14.8,80.5833,5,18,0
·x·x¥],2014-03-08,19,1020.4,15,82.7917,3.5,16,0
·x·x¥],2014-03-09,21,1024,13.4,77.9583,4.5,9,0
·x·x¥],2014-03-10,12,1024.5,15.4,64.2083,6.2,0,0.5
·x·x¥],2014-03-11,9,1022.8,18.8,63.75,3.4,0,0
·x·x¥],2014-03-12,5,1018.1,18,75.5,2,11,0.3
·x·x¥],2014-03-13,18,1022.2,15.8,75.3333,4.2,23,0
·x·x¥],2014-03-14,8,1025.4,14.8,57.375,4.8,0,2.3
·x·x¥],2014-03-15,13,1024.2,17.8,57.7917,5,0,3.7
·x·x¥],2014-03-16,6,1022.8,18.8,68.8333,1.5,0,0.1
·x·x¥],2014-03-17,3,1020.7,20.8,75.7917,1.9,0,4.5
·x·x¥],2014-03-18,3,1018,22.7,77.0417,2.9,0,6.5
·x·x¥],2014-03-19,4,1015,24.4,76.2083,3,0,2.8
·x·x¥],2014-03-20,44,1023.4,18,78.9583,5.4,1,0
·x·x¥],2014-03-21,9,1024.4,14,64.0833,4.6,2,0
·x·x¥],2014-03-22,3,1022.8,16.6,63.0833,7.4,0,0.2
·x·x¥],2014-03-23,3,1023,19.8,63.2917,5.3,0,9.4
·x·x¥],2014-03-25,2,1016.8,22.9,68.5417,2.6,0,5.6
·x·x¥],2014-03-26,1,1014.7,25.1,69.4583,3.8,0,4.8
·x·x¥],2014-03-30,4,1014.8,22.8,66.125,6.8,1,4.6
·x·x¥],2014-04-01,2,1013.1,18,87.875,3.5,9,0
·x·x¥],2014-04-03,2,1017,19,86.2083,2.8,2,0
·x·x¥],2014-04-05,1,1018.5,21.9,59.9167,5.7,0,9.9
·x·x¥],2014-04-06,5,1020.6,20.4,70.8333,7,0,2.3
·x·x¥],2014-04-08,2,1015.7,22.1,85.5,4.8,1,5
·x·x¥],2014-04-09,1,1015.7,21.8,83.0833,4.6,0,1.1
·x·x¥],2014-04-18,1,1013.3,26,73.875,3.2,0,5.6
·x·x¥],2014-04-24,1,1014.5,22,88.75,3.4,33,0.2
·x·x¥],2014-05-11,1,1010.4,27,75.0417,2.8,0,3.7
·x·x¥],2014-05-19,1,1009.6,26.2,86.1667,3,71,0.1
·x·x¥],2014-05-23,1,1014,24.8,83.5417,3,4,0.2
·x·x¥],2014-05-24,1,1012.9,27.3,74.0833,3.7,1,4.6
·x·x¥],2014-05-25,1,1011.7,27.9,72.5417,3.2,0,1.7
·x·x¥],2014-05-31,1,1009.4,27.8,78.25,2.8,1,1.3
·x·x¥],2014-06-03,1,1004.6,27.5,74.2917,4.7,0,0.5
·x·x¥],2014-06-04,1,1004.3,27.6,72.1667,3,3,0.8
·x·x¥],2014-06-07,1,1003.7,25.7,84.5833,3.3,47,0.5
·x·x¥],2014-06-20,1,1005,28.3,78.6667,4.5,17,1.7
·x·x¥],2014-07-14,3,1010.4,30.3,72.2083,3.7,29,4.1
·x·x¥],2014-07-29,1,1005.7,30.6,66.625,5.2,0,9.9
·x·x¥],2014-07-31,2,1000.9,30.1,72.875,4.3,43,3.2
·x·x¥],2014-08-01,1,997.5,32.4,63.7083,4.8,0,8.2
·x·x¥],2014-08-06,1,1005.1,29.9,69.5,3.2,0,3.7
·x·x¥],2014-08-09,2,1004.4,30.7,69.125,3.3,0,1.9
·x·x¥],2014-08-28,1,1013.4,30.8,63.9167,2.5,0,8.5
·x·x¥],2014-08-30,2,1011.9,30.1,66.75,3.9,5,5.1
·x·x¥],2014-09-01,1,1011.5,30.8,62.7083,2.1,0,9.9
·x·x¥],2014-09-05,1,1007.4,31.1,63.9167,4.9,0,8.3
·x·x¥],2014-09-08,1,1008.5,30.3,70.2917,2.8,0,4.6
·x·x¥],2014-09-12,1,1008.8,30.3,70.125,3.9,0,1.1
·x·x¥],2014-09-15,1,1006.6,31.9,63.7917,8.4,0,11
·x·x¥],2014-09-17,1,1013.1,31,68.5417,4.8,0,9.1
·x·x¥],2014-09-18,1,1012.3,30.9,67.625,5.9,0,10
·x·x¥],2014-09-22,1,1006.5,27.2,85.9167,5.1,100,0.9
·x·x¥],2014-09-26,1,1013.5,27.6,77.375,4.9,0,6.2
·x·x¥],2014-10-01,1,1013.1,26.4,80.5833,4.2,1,0.7
·x·x¥],2014-10-12,1,1013.8,23.9,72.5417,3,1,2.1
·x·x¥],2014-10-14,1,1019.9,21.7,66,4.5,0,8.5
·x·x¥],2014-10-15,1,1019.7,21.8,63.0833,4.6,0,7.4
·x·x¥],2014-10-16,5,1020.8,22,63.6667,4.8,0,9.5
·x·x¥],2014-10-18,2,1017.7,25.1,66.7917,5.3,0,6
·x·x¥],2014-10-19,2,1015.9,25.9,71.1667,6.4,0,8
·x·x¥],2014-10-20,2,1015.2,27.6,69.1667,2.9,0,10.2
·x·x¥],2014-10-21,4,1015.6,27.7,68.5417,2.5,0,9.5
·x·x¥],2014-10-22,5,1019,23.8,75.625,4.5,0,0.3
·x·x¥],2014-10-23,2,1018.2,23.4,67,5.6,0,0
·x·x¥],2014-10-24,4,1017.3,23.9,72.9583,5.3,0,2.2
·x·x¥],2014-10-25,5,1015.3,24.3,78.5417,5.5,0,1.8
·x·x¥],2014-10-26,3,1014.9,26.1,74.9167,4.4,0,6.1
·x·x¥],2014-10-27,3,1017.3,25.3,71.3333,7.3,0,2.3
·x·x¥],2014-10-28,3,1017.1,23.6,68.4167,5.7,0,1.3
·x·x¥],2014-10-29,11,1015.2,26,67.75,4.7,0,9.6
·x·x¥],2014-10-30,2,1013.6,26.7,65.0833,5.3,0,9.1
·x·x¥],2014-10-31,2,1011.8,26.4,67.6667,4,0,7.5
·x·x¥],2014-11-01,1,1011.3,25.7,75.2917,5.6,0,9.1
·x·x¥],2014-11-02,6,1016.1,22.9,79.6667,4.1,8,0
·x·x¥],2014-11-03,12,1016.9,20.8,62.6667,4.5,0,0
·x·x¥],2014-11-04,13,1016.7,20.8,65.2083,3.2,0,0
·x·x¥],2014-11-05,4,1016.7,21.5,64.9583,4.7,0,9.1
·x·x¥],2014-11-06,17,1017.1,21.8,70.4583,4.6,0,3.9
·x·x¥],2014-11-07,9,1018.4,22.3,66.5833,4.8,0,0.6
·x·x¥],2014-11-08,8,1015.6,24.6,69.2917,4.5,0,0.7
·x·x¥],2014-11-09,19,1017.2,21.9,82.9167,3.2,11,0.2
·x·x¥],2014-11-10,12,1016.7,22,71.8333,6.5,0,0.2
·x·x¥],2014-11-11,21,1015.1,22.2,70.8333,4.6,0,6.6
·x·x¥],2014-11-12,9,1017.5,20.3,79.625,3.9,1,0
·x·x¥],2014-11-13,22,1020.7,17.9,81.0417,4,19,0
·x·x¥],2014-11-14,18,1020.1,19,77.4583,5.6,0,0
·x·x¥],2014-11-15,17,1019.8,20.7,79,5.5,6,0
·x·x¥],2014-11-16,19,1016.7,21.9,83.0417,5.8,2,0.8
·x·x¥],2014-11-17,12,1020.3,19.8,82.5,2.7,13,0
·x·x¥],2014-11-18,20,1021.1,18.5,75.375,4.6,3,0
·x·x¥],2014-11-19,35,1019.7,20.1,71.8333,5.2,0,0.3
·x·x¥],2014-11-20,6,1016.6,21.6,78.4167,5.6,0,7.6
·x·x¥],2014-11-21,7,1015.2,23,76.1667,4.2,0,8.2
·x·x¥],2014-11-22,7,1015.1,24.1,72.75,5.2,0,9.8
·x·x¥],2014-11-23,12,1014.5,25.1,68.75,4.8,0,9.9
·x·x¥],2014-11-24,7,1013.5,24.2,71.3333,3.3,0,8.5
·x·x¥],2014-11-25,4,1012.2,22.8,73.9583,4.2,0,5.9
·x·x¥],2014-11-26,15,1013.3,22.3,76.2917,6.1,0,4.2
·x·x¥],2014-11-27,5,1014.2,23.1,81.7083,6,0,0.4
·x·x¥],2014-11-28,6,1013.1,24.6,79.375,3.9,0,4.9
·x·x¥],2014-11-29,4,1012,26.2,76.625,3.2,0,7.8
·x·x¥],2014-11-30,11,1011.5,25.6,76.3333,3.4,1,0.6
·x·x¥],2014-12-01,25,1020.5,17.7,76.8333,5.5,10,0
·x·x¥],2014-12-02,45,1021.1,16.2,71.875,5.3,5,0
·x·x¥],2014-12-03,16,1016.6,21.4,68.75,4.5,0,2.1
·x·x¥],2014-12-04,75,1022.2,14.8,78.3333,4.1,32,0
·x·x¥],2014-12-05,71,1022.6,14.6,61.375,4.8,0,0.9
·x·x¥],2014-12-06,48,1021.5,16.6,59.4167,7.1,0,7.2
·x·x¥],2014-12-07,41,1018.1,20.1,61.7917,4.9,0,8.3
·x·x¥],2014-12-08,30,1020.8,17.2,82.2083,5,7,0
·x·x¥],2014-12-09,35,1021.3,18.3,82.1667,4.6,8,0
·x·x¥],2014-12-10,42,1017.2,20.9,83.2917,3.8,0,0.5
·x·x¥],2014-12-11,59,1020.4,17.5,81.7917,4.3,0,0
·x·x¥],2014-12-12,103,1024.8,14.2,76.3333,3.2,3,0
·x·x¥],2014-12-13,116,1025.8,14.3,61.5833,5.8,0,0.1
·x·x¥],2014-12-14,101,1023.3,16.7,69.5,4.8,0,0
·x·x¥],2014-12-15,140,1019.2,18.7,77.8333,2,0,0.3
·x·x¥],2014-12-16,135,1026.1,14.9,67.0417,3.9,0,0
·x·x¥],2014-12-17,213,1028.4,11.9,55.9167,3.5,0,1.3
·x·x¥],2014-12-18,117,1026.7,15.4,59.25,5.8,0,0.6
·x·x¥],2014-12-19,110,1021.2,17,76.3333,4.5,2,0
·x·x¥],2014-12-20,74,1020.4,16.1,67.0833,5.5,0,1
·x·x¥],2014-12-21,81,1024,15.3,71.8333,5.9,3,0
·x·x¥],2014-12-22,122,1025.9,13.9,56.25,6.2,0,4.7
·x·x¥],2014-12-23,77,1019.7,18.4,55.6667,5.6,0,2.1
·x·x¥],2014-12-24,73,1021,18.9,66.875,5.8,0,7.4
·x·x¥],2014-12-25,49,1021.9,17,71.375,5.6,6,0
·x·x¥],2014-12-26,36,1022.3,16.6,71.625,5.6,2,0
·x·x¥],2014-12-27,37,1020.7,16.2,83.5833,5.3,21,0
·x·x¥],2014-12-28,40,1019.3,14.6,90.25,2.3,9,0
·x·x¥],2014-12-29,79,1019.5,14.3,65.5833,3.4,0,6.1
·x·x¥],2014-12-30,50,1018.6,15.7,60.75,4.7,0,9.1
·x·x¥],2014-12-31,100,1022.1,16.6,62.9583,5.3,0,8.8
·x·x¥],2015-01-01,63,1026.9,13.7,56.2917,5.2,0,3.1
·x·x¥],2015-01-02,46,1025,14.2,56.875,6.4,0,5.1
·x·x¥],2015-01-03,37,1021.9,16.5,59.1667,4.4,0,8.2
·x·x¥],2015-01-04,21,1016.3,17.4,68.4583,2.4,0,8.9
·x·x¥],2015-01-05,28,1014.3,18.5,75,3.3,0,3.7
·x·x¥],2015-01-06,23,1014,19.5,72.6667,6.1,0,0.6
·x·x¥],2015-01-07,38,1023,15.4,74.5833,4.5,0,0
·x·x¥],2015-01-08,39,1026.6,13.5,59.9583,5,0,0
·x·x¥],2015-01-09,41,1024.3,16,58.5833,5.3,0,4.7
·x·x¥],2015-01-10,26,1022.9,16.7,57.9167,5.3,0,2.3
·x·x¥],2015-01-11,36,1022.3,17.4,58.625,5.2,0,0
·x·x¥],2015-01-12,24,1022.9,17,65.5417,6.2,4,0
·x·x¥],2015-01-13,18,1018,20.3,66.7083,5,1,7.1
·x·x¥],2015-01-14,21,1020.3,16.2,77.7917,4.7,7,0
·x·x¥],2015-01-15,19,1021.6,16.1,64.7917,4.4,0,0
·x·x¥],2015-01-16,13,1021.9,17.5,65.5,5.4,0,6.5
·x·x¥],2015-01-17,31,1025.8,15.3,58.125,5.8,0,0
·x·x¥],2015-01-18,18,1021.5,16.8,61.8333,5.1,0,5.7
·x·x¥],2015-01-19,22,1022.4,16,56.875,6.6,0,0.1
·x·x¥],2015-01-20,25,1019.2,18.4,61.2083,5.6,0,6.8
·x·x¥],2015-01-21,23,1018,17.7,73.7917,2.7,1,3.8
·x·x¥],2015-01-22,28,1021,14.8,62,3,0,4.6
·x·x¥],2015-01-23,18,1020.3,15.3,58.25,4.7,0,9.2
·x·x¥],2015-01-24,9,1018.9,17.4,61.875,3.8,0,9.3
·x·x¥],2015-01-25,23,1019.1,19.2,65.6667,2.3,1,2.5
·x·x¥],2015-01-26,12,1017.7,18.9,75.25,4.1,1,0.2
·x·x¥],2015-01-27,8,1017.3,17.1,83.5833,4.3,15,0
·x·x¥],2015-01-28,12,1018.8,15,81.6667,4.7,0,0
·x·x¥],2015-01-29,15,1017,18.2,77.9583,4.6,0,2.7
·x·x¥],2015-01-30,20,1023.3,16.7,73.2083,5,0,0.5
·x·x¥],2015-01-31,20,1025.7,14.2,76.5833,5.8,0,0.1
·x·x¥],2015-02-01,13,1025.2,15.6,73.75,7.1,0,2.6
·x·x¥],2015-02-02,12,1023.1,17.7,74.25,6.6,1,7
·x·x¥],2015-02-03,16,1022.7,16.9,85,4.5,4,0
·x·x¥],2015-02-04,25,1021.2,15.2,80.7917,3.7,4,0
·x·x¥],2015-02-05,34,1024.6,12.2,71.0417,4.4,6,0
·x·x¥],2015-02-06,38,1023.3,12.3,79.1667,3.8,2,0
·x·x¥],2015-02-07,28,1019.7,17.1,74.5,4.2,0,3.4
·x·x¥],2015-02-08,28,1024.6,13.5,67.125,3.9,4,0
·x·x¥],2015-02-09,69,1025.8,11.3,69.9167,3.8,1,0
·x·x¥],2015-02-10,46,1022,13.8,65.2917,4.5,0,0
·x·x¥],2015-02-11,29,1015.6,15.3,70.875,1.8,0,1.6
·x·x¥],2015-02-12,26,1017.2,15.9,55.9167,3.5,0,5.2
·x·x¥],2015-02-13,29,1017.1,17.1,54.5417,4.2,0,9.6
·x·x¥],2015-02-14,23,1016.7,20.1,56.2083,4.4,2,7.8
·x·x¥],2015-02-15,11,1016.4,20.2,63.125,4.5,2,3.9
·x·x¥],2015-02-16,26,1015.2,19.4,76.8333,5.2,12,6.6
·x·x¥],2015-02-17,20,1017.1,19.3,67.8333,6.6,0,7
·x·x¥],2015-02-18,12,1019.7,17.8,62.875,7,0,2.4
·x·x¥],2015-02-19,4,1021.8,16.7,63.5417,7.5,0,2
·x·x¥],2015-02-20,4,1017.8,19.1,67.3333,4.2,0,1.9
·x·x¥],2015-02-21,1,1015.1,20.8,67.625,4.4,0,4.9
·x·x¥],2015-02-22,13,1015.7,19.7,79.3333,5,3,0
·x·x¥],2015-02-23,3,1014.1,19.4,80.5833,4.3,0,0
·x·x¥],2015-02-24,12,1014.6,18.4,80.9583,3.6,57,3.3
·x·x¥],2015-02-25,6,1012.9,20.6,80.2083,3.9,0,2
·x·x¥],2015-02-26,11,1014.9,19.6,82.625,3.7,1,0
·x·x¥],2015-02-27,6,1016.4,19.7,84.625,7.5,1,5.7
·x·x¥],2015-02-28,5,1015.9,18.8,82.8333,2.4,0,2
·x·x¥],2015-03-01,19,1020.5,14.1,78.5417,4.5,3,0
·x·x¥],2015-03-02,14,1018.9,15.3,80.1667,5.3,0,0
·x·x¥],2015-03-03,9,1014.1,19.4,76.9583,5.2,0,5.9
·x·x¥],2015-03-04,20,1017.8,14.4,83.5417,5.2,2,0
·x·x¥],2015-03-05,9,1017.1,16.4,87.3333,6.1,2,0.4
·x·x¥],2015-03-06,22,1017.5,15.9,86.5833,4,6,0
·x·x¥],2015-03-07,14,1017.1,16.3,86.0417,5.4,1,0
·x·x¥],2015-03-08,17,1016.2,19.3,84.3333,5.1,0,4.4
·x·x¥],2015-03-09,19,1022.3,17.3,76.2083,5.3,2,0
·x·x¥],2015-03-10,27,1024,13.4,81.4583,5.5,12,0
·x·x¥],2015-03-11,36,1022.3,12.8,91.0417,3.8,43,0
·x·x¥],2015-03-12,21,1019.9,14.2,87.5417,4.5,12,0
·x·x¥],2015-03-13,8,1017.4,19.5,77.375,3.5,0,10
·x·x¥],2015-03-14,9,1017.6,20.8,78,1.7,0,9
·x·x¥],2015-03-15,8,1015.9,22.3,77.3333,2.5,0,4.6
·x·x¥],2015-03-16,4,1014.7,23.1,82,2.1,0,2.2
·x·x¥],2015-03-17,8,1012.6,24.3,80.9167,1.7,0,4.8
·x·x¥],2015-03-18,3,1009.4,25.7,74.6667,2.1,0,7.3
·x·x¥],2015-03-19,7,1012,24.8,76.2917,4.8,0,6.5
·x·x¥],2015-03-21,6,1016.8,20.2,82.0417,5.3,0,0.4
·x·x¥],2015-03-22,4,1018.5,19.3,71.2083,6.1,1,0
·x·x¥],2015-03-23,3,1020.6,17.3,83.0417,5.3,54,0
·x·x¥],2015-03-24,3,1025,16,84.25,5.4,3,0.1
·x·x¥],2015-03-25,12,1025.9,14.9,88.0417,4.8,37,0
·x·x¥],2015-03-26,15,1022.2,18.6,88.5833,5.7,18,0
·x·x¥],2015-03-27,10,1020.6,17.8,88.0417,2.5,22,0
·x·x¥],2015-03-28,6,1018.2,18,72.25,4,0,9.7
·x·x¥],2015-03-29,2,1015,21.7,69.375,4.4,0,11.1
·x·x¥],2015-03-30,6,1013.8,24.2,70.125,1.6,0,1.1
·x·x¥],2015-03-31,2,1012.9,25.4,73.1667,1.8,0,6.1
·x·x¥],2015-04-01,4,1011,26.4,75.625,2.4,0,6.8
·x·x¥],2015-04-02,4,1007.7,26.4,75.875,3.5,0,6.3
·x·x¥],2015-04-03,2,1007,27.4,71.25,3.2,0,8
·x·x¥],2015-04-04,3,1010,27.6,71.2917,1.6,0,5.7
·x·x¥],2015-04-05,2,1009.5,28.2,70.5417,7,0,9.6
·x·x¥],2015-04-06,1,1012,27.7,71.6667,4.8,0,8
·x·x¥],2015-04-08,3,1019.8,15.5,80.5,5.2,2,0
·x·x¥],2015-04-09,5,1017.4,17.3,86.0417,5.8,7,0
·x·x¥],2015-04-10,8,1018.3,17.1,86.4583,5.1,10,0
·x·x¥],2015-04-11,3,1018,16,88.4167,5,20,0
·x·x¥],2015-04-12,2,1016.1,17.7,92.625,1.8,5,0
·x·x¥],2015-04-13,1,1016.9,18.6,73.6667,4.5,0,4.7
·x·x¥],2015-04-14,3,1015.2,19,56.5,6.1,0,11.1
·x·x¥],2015-04-15,3,1014.1,20.8,51.2083,3.1,0,11.1
·x·x¥],2015-04-16,1,1012.8,23.7,64.0833,2.5,0,6.9
·x·x¥],2015-04-17,4,1011.8,23.7,76.5,1.8,0,4.1
·x·x¥],2015-04-18,6,1009.5,25.3,81.5,2.3,13,1.3
·x·x¥],2015-04-22,4,1017.7,19.6,76.6667,6.1,0,0
·x·x¥],2015-04-25,2,1015.5,22.4,71.9167,6.8,0,1.9
·x·x¥],2015-04-26,1,1014.4,25,66.4583,4.9,0,5.2
·x·x¥],2015-04-27,1,1012.4,26.2,70.3333,2,0,4.7
·x·x¥],2015-05-01,2,1009.6,24.6,76.1667,2.5,2,0
·x·x¥],2015-05-03,3,1008.7,27.6,73.1667,5,1,0
·x·x¥],2015-05-05,1,1009.5,19.7,88.0833,4.8,39,0
·x·x¥],2015-05-08,1,1007.9,26,79.6667,3.9,1,0
·x·x¥],2015-05-09,1,1009.3,25.5,81.5833,5.2,4,0
·x·x¥],2015-05-12,3,1011.5,22.3,71,4.5,63,0
·x·x¥],2015-05-13,1,1010.4,27,63.7917,2.5,0,0
·x·x¥],2015-05-16,2,1008,29.5,69.6667,3.1,0,0
·x·x¥],2015-05-17,1,1007.2,28.4,73.9167,2.2,0,0
·x·x¥],2015-05-18,1,1005.5,29.9,65.5,4.5,0,0
·x·x¥],2015-05-19,1,1004.2,30.1,63.5833,4.6,0,0
·x·x¥],2015-05-20,1,1010.2,24.6,84.9583,5,59,0
·x·x¥],2015-05-22,1,1008.1,24.5,87.875,3.6,22,0
·x·x¥],2015-05-23,1,1004.7,24.7,90.1667,2,25,0
·x·x¥],2015-05-24,1,1004.6,24.3,91.7083,2.6,32,0
·x·x¥],2015-05-25,1,1007.9,23.6,85,3.9,5,0
·x·x¥],2015-05-26,2,1008.7,23.4,82.375,4,10,0
·x·x¥],2015-05-27,2,1006.2,26.8,81.7917,4,0,0
·x·x¥],2015-06-01,1,1008,28.5,77.9583,2.4,0,0
·x·x¥],2015-06-03,2,1007.7,30.2,69.625,4,0,5.5
·x·x¥],2015-06-05,2,1005.3,30.3,70.4167,3.8,0,6
·x·x¥],2015-06-06,1,1007.6,26.7,83.5,3.6,29,0.9
·x·x¥],2015-06-11,2,1006.4,31.7,66.0833,4.3,0,8.8
·x·x¥],2015-06-12,1,1006.2,30.7,71.7083,4.1,0,4.4
·x·x¥],2015-06-15,2,1007.5,29.2,78.0833,2.9,0,3.6
·x·x¥],2015-06-21,1,1005.6,29.1,78.125,4.6,55,4.5
·x·x¥],2015-06-24,1,1006.3,28.2,83.6667,2,44,3.6
·x·x¥],2015-06-26,2,1004.7,31.7,69.25,3.7,0,5.8
·x·x¥],2015-06-27,1,1005.7,31.9,68.875,4.8,0,7
·x·x¥],2015-06-28,1,1006.2,32.2,67.0417,4.3,0,6.9
·x·x¥],2015-07-01,2,999.9,32.2,64.5417,5.3,0,7.2
·x·x¥],2015-07-02,2,1001.4,32.1,67.125,3.4,0,5.7
·x·x¥],2015-07-03,2,1002.2,30.9,71.5417,2.5,0,0.7
·x·x¥],2015-07-05,3,1000.4,31.3,69.5,6,0,9.4
·x·x¥],2015-07-09,2,998.8,29.3,77.9583,6,24,3.7
·x·x¥],2015-07-11,1,994.4,31,66.3333,6.6,0,0.3
·x·x¥],2015-07-12,2,1000.1,30.2,72.9167,3.4,15,4.9
·x·x¥],2015-07-13,1,1000.7,30.6,71.9167,4.3,0,7.7
·x·x¥],2015-08-02,4,1010.2,30,66.9167,0,7,0
·x·x¥],2015-08-03,1,1009.1,29.6,68.0417,0,7,0
·x·x¥],2015-08-04,3,1006.7,29.7,69.9583,0,8,0
·x·x¥],2015-08-06,5,1003.1,29.4,74.125,2,10,0
·x·x¥],2015-08-12,1,1006.8,29.6,75.9167,2,8,0
·x·x¥],2015-08-13,1,1005.9,28.3,81,12,5,0
·x·x¥],2015-08-16,1,1004.6,29,68.6667,3,0,0
·x·x¥],2015-08-19,1,1005.3,29.6,74.3333,0,11,0
·x·x¥],2015-08-20,1,1003.8,30.9,66.1667,0,11,0
·x·x¥],2015-08-21,4,999.7,30.1,70.7917,1,8,0
·x·x¥],2015-08-25,2,1005.5,27.8,75.5,11,1,0
·x·x¥],2015-08-27,2,1007.5,25.3,85.1667,31,0,0
·x·x¥],2015-09-02,2,1010.8,27.5,79,0,4,0
·x·x¥],2015-09-03,1,1011.6,29,74.5833,0,3,0
·x·x¥],2015-09-04,1,1011.4,29.5,71.8333,0,0,0
·x·x¥],2015-09-06,1,1004.5,30.8,69.4167,4,11,0
·x·x¥],2015-09-08,1,1008.7,27.1,73.8333,2,10,0
·x·x¥],2015-09-09,4,1011,27,66.9583,0,10,0
·x·x¥],2015-09-10,2,1011,26.5,64.5417,0,12,0
·x·x¥],2015-09-13,1,1012.3,26.6,69.5,0,8,0
·x·x¥],2015-09-14,1,1011.5,26.3,77.9583,1,5,0
·x·x¥],2015-09-16,3,1011.2,26.6,77.9583,9,5,0
·x·x¥],2015-09-17,1,1013.6,26.4,70.125,0,5,0
·x·x¥],2015-09-18,2,1013.4,26,65.5417,0,11,0
·x·x¥],2015-09-19,1,1010.9,25.9,64.6667,0,7,0
·x·x¥],2015-09-20,2,1007.8,26.9,68.875,0,4,0
·x·x¥],2015-09-21,2,1007.4,27.1,74.5417,1,0,0
·x·x¥],2015-09-23,1,1006.5,29.2,71.0417,0,8,0
·x·x¥],2015-09-24,1,1004,27.4,75.1667,1,1,0
·x·x¥],2015-09-25,1,1003.5,27.3,69,0,6,0
·x·x¥],2015-09-26,1,1006.1,26.1,73.625,1,0,0
·x·x¥],2015-09-29,1,1008.1,29.2,80,3,0,0
·x·x¥],2015-09-30,2,1011.4,29.5,78.9583,1,7,0
·x·x¥],2015-10-01,2,1011.2,29.2,79.125,0,2,0
·x·x¥],2015-10-02,7,1012.9,25.3,85.0833,39,0,0
·x·x¥],2015-10-05,3,1014.5,29.3,75.1667,0,8,0
·x·x¥],2015-10-06,2,1013.2,27.6,77.2917,0,8,0
·x·x¥],2015-10-07,5,1011.1,26.7,72.9583,0,5,0
·x·x¥],2015-10-08,2,1007.2,26.3,80.4167,1,0,0
·x·x¥],2015-10-09,11,1010.6,23.2,88.0417,9,0,0
·x·x¥],2015-10-11,2,1017.5,21.7,78.375,1,0,0
·x·x¥],2015-10-12,8,1018.3,23.1,63.5417,0,0,0
·x·x¥],2015-10-13,9,1018.7,23,64.3333,0,8,0
·x·x¥],2015-10-14,5,1016,23.4,68.4583,0,11,0
·x·x¥],2015-10-15,10,1013.4,23.9,72.5417,0,11,0
·x·x¥],2015-10-16,9,1012.4,24.5,77.5833,0,8,0
·x·x¥],2015-10-17,4,1012.4,24.5,73.5417,0,9,0
·x·x¥],2015-10-18,3,1010.7,23.3,80.1667,1,0,0
·x·x¥],2015-10-19,7,1008.2,24.9,81.0417,0,0,0
·x·x¥],2015-10-20,5,1005.9,26,73.4167,0,0,0
·x·x¥],2015-10-21,19,1009.3,24,82.9583,1,0,0
·x·x¥],2015-10-22,5,1009.8,23.8,86.125,4,0,0
·x·x¥],2015-10-23,3,1010.2,25.1,86.1667,2,0,0
·x·x¥],2015-10-24,7,1014.4,24.7,87.2917,1,0,0
·x·x¥],2015-10-25,11,1015.6,24.7,78.4167,0,2,0
·x·x¥],2015-10-26,11,1014.4,25.7,73.0417,0,6,0
·x·x¥],2015-10-27,6,1014.1,26,77.0833,0,8,0
·x·x¥],2015-10-28,2,1016.4,24.9,81.4583,0,3,0
·x·x¥],2015-10-29,1,1015.7,26.6,78.4167,0,4,0
·x·x¥],2015-11-01,8,1018.3,22.5,80.4167,5.3,1,0.1
·x·x¥],2015-11-02,7,1019.1,20.7,85.2083,4.8,0,0
·x·x¥],2015-11-03,4,1018.8,22.1,86.875,4.5,0,0
·x·x¥],2015-11-04,6,1015.8,25.4,81.125,4.7,1,1.8
·x·x¥],2015-11-05,5,1014.1,26.9,77.7083,4.9,0,6.8
·x·x¥],2015-11-06,2,1013.4,28.1,75.125,4.2,0,7.4
·x·x¥],2015-11-07,3,1014.6,27.2,80.125,1.4,0,4.7
·x·x¥],2015-11-08,6,1014.3,26.8,79.5833,3.3,0,6.7
·x·x¥],2015-11-09,6,1017,24.7,81.9167,5.6,0,1.2
·x·x¥],2015-11-10,14,1018.4,21.4,78.4167,6.4,0,0
·x·x¥],2015-11-11,9,1017.6,21.3,82.4583,5.3,9,0.1
·x·x¥],2015-11-12,5,1016.8,23.5,83.875,5.8,0,2.4
·x·x¥],2015-11-13,5,1013.1,24.4,83.2083,3,0,3.1
·x·x¥],2015-11-14,9,1014,23.6,83,5,0,1.4
·x·x¥],2015-11-15,5,1014.9,24.3,80.0417,6.3,0,9.4
·x·x¥],2015-11-16,4,1012,26.7,77.0417,4.1,0,8.9
·x·x¥],2015-11-17,2,1013.2,26.9,74.2083,1.8,0,7.1
·x·x¥],2015-11-18,3,1014.9,26.6,78.4167,4.8,0,4.8
·x·x¥],2015-11-19,8,1016.3,24.5,80.9167,5.8,0,2.7
·x·x¥],2015-11-20,8,1015.9,24.3,83.0833,6.2,2,2.8
·x·x¥],2015-11-21,7,1016.3,23.7,81.375,4.4,5,0
·x·x¥],2015-11-22,5,1014.7,25,78.4167,7.8,0,6.5
·x·x¥],2015-11-23,21,1015.1,24.3,82.1667,5.3,0,4.2
·x·x¥],2015-11-24,8,1015.5,22.8,77.25,5.2,0,0
·x·x¥],2015-11-25,10,1017.4,21.5,78.1667,5.3,3,1
·x·x¥],2015-11-26,49,1022.7,16,64.125,5.2,0,3
·x·x¥],2015-11-27,69,1024,16.2,63.7917,7.2,0,6.2
·x·x¥],2015-11-28,27,1020.9,20.4,74.5417,5.6,0,9
·x·x¥],2015-11-29,28,1018.3,22.4,74.5,2.8,0,5.9
·x·x¥],2015-11-30,21,1017.5,20.9,84.3333,5,0,0
·x·x¥],2015-12-01,20,1016,21.8,83.375,4.9,0,2.6
·x·x¥],2015-12-02,13,1015.4,22,81.3333,3.5,0,1.1
·x·x¥],2015-12-03,27,1021.1,18.2,71.2083,5.5,0,0
·x·x¥],2015-12-04,49,1023,17.2,70.0833,5.9,0,0
·x·x¥],2015-12-05,23,1018.9,21.7,76.5833,6.2,0,7.2
·x·x¥],2015-12-06,36,1021,17.9,89.3333,3.7,11,0
·x·x¥],2015-12-07,35,1021.7,18.5,77.9167,4.8,0,0
·x·x¥],2015-12-08,18,1022.4,19.3,83.0833,6.6,0,0.1
·x·x¥],2015-12-09,20,1018.3,21.9,80.7917,5.5,10,0.1
·x·x¥],2015-12-10,14,1012.8,20.4,84.9167,2.8,31,0.4
·x·x¥],2015-12-11,30,1016,18.9,79.4167,4.5,0,0
·x·x¥],2015-12-12,30,1016.7,18.2,86.3333,5.1,3,1.5
·x·x¥],2015-12-13,25,1014.2,21.3,83.25,5.4,0,8.9
·x·x¥],2015-12-14,23,1014.6,21.1,85.2917,5.2,0,1.4
·x·x¥],2015-12-15,61,1018.6,17.4,80.8333,5.1,0,0
·x·x¥],2015-12-16,107,1023.1,14.9,64.75,3.7,0,0
·x·x¥],2015-12-17,204,1026.2,12.4,60.7917,4.4,0,0.9
·x·x¥],2015-12-18,69,1024.2,16,66.7917,4,0,0
·x·x¥],2015-12-19,61,1023.2,18.4,80.3333,6.4,0,1.8
·x·x¥],2015-12-20,50,1019.7,21.4,72.9583,3.5,0,0.7
·x·x¥],2015-12-21,28,1019.9,20.8,84,5.5,0,0
·x·x¥],2015-12-22,44,1018.2,23.9,77.8333,3.2,0,8.1
·x·x¥],2015-12-23,25,1016.9,22.9,80.0833,3.8,0,3
·x·x¥],2015-12-24,32,1014.6,21.9,85.4583,2.3,0,0.7
·x·x¥],2015-12-25,33,1019.3,17.6,85.7917,3.5,8,0
·x·x¥],2015-12-26,24,1018.5,17.7,79.2917,5.3,0,0
·x·x¥],2015-12-27,34,1023.6,17.2,88.125,3.5,11,0
·x·x¥],2015-12-28,28,1026.3,16,77.6667,5.3,4,0
·x·x¥],2015-12-29,35,1025.9,17.5,70.0417,6.3,0,0.8
·x·x¥],2015-12-30,39,1023.7,16.1,86.25,5.5,1,0
·x·x¥],2015-12-31,108,1026.1,16.4,74.9583,5.3,0,0
·x·x¥],2016-01-01,17,1024.6,19,78.5,6.5,0,5.1
·x·x¥],2016-01-02,11,1020.4,18.9,84.75,1.4,0,0
·x·x¥],2016-01-03,6,1018.6,19.1,91.4583,3.5,17,0
·x·x¥],2016-01-04,42,1016.7,20.6,91.9583,0.9,1,0.2
·x·x¥],2016-01-05,14,1015.5,20.7,89.0833,2.5,0,0.6
·x·x¥],2016-01-06,8,1019.3,18.9,87.125,3.8,33,0.4
·x·x¥],2016-01-07,16,1020.5,17.9,80.2083,5,0,0
·x·x¥],2016-01-08,27,1019.3,17,80.9583,3.5,3,0
·x·x¥],2016-01-09,20,1020.6,17.1,76.6667,6,0,7.1
·x·x¥],2016-01-10,13,1017.6,19.6,82.125,3.8,0,0.3
·x·x¥],2016-01-11,16,1015.7,17.4,90.1667,2.3,25,0
·x·x¥],2016-01-12,22,1018.2,16,86.25,4.9,4,0
·x·x¥],2016-01-13,53,1019.6,14.3,85.375,4.4,2,0
·x·x¥],2016-01-14,46,1019.4,14.7,79.9583,4,0,0
·x·x¥],2016-01-15,26,1014.4,15.8,86.5417,2.4,1,0
·x·x¥],2016-01-16,33,1015,18.1,85.2083,5.2,0,1.8
·x·x¥],2016-01-17,24,1012.7,17.1,92.375,3.4,33,0.2
·x·x¥],2016-01-18,67,1018,14.8,74.5417,5.4,0,0.6
·x·x¥],2016-01-19,151,1022,13.5,84.9167,5,12,0
·x·x¥],2016-01-20,172,1022.6,14.8,88.125,6.8,4,0
·x·x¥],2016-01-21,154,1017,16.3,92.0833,3,16,0
·x·x¥],2016-01-22,160,1017.9,15.1,90.5,5.9,33,0
·x·x¥],2016-01-23,296,1030,10.5,85.6667,3.5,40,0
·x·x¥],2016-01-24,500,1033.4,5.6,74.3333,4.1,5,0
·x·x¥],2016-01-25,376,1032.6,7.8,66.1667,2.9,0,0.1
·x·x¥],2016-01-26,88,1026.9,14.8,67,4.7,0,7.7
·x·x¥],2016-01-27,79,1021.6,18.3,75.0417,4.2,0,0.6
·x·x¥],2016-01-28,55,1018.2,17.4,90.125,2.4,1,0.1
·x·x¥],2016-01-29,55,1018.6,17.4,92.9167,3.6,23,0
·x·x¥],2016-01-30,78,1020.6,16.4,89.6667,3.8,11,0
·x·x¥],2016-02-01,75,1023,14.2,86.1667,4.5,15,0
·x·x¥],2016-02-02,91,1023.3,12.3,96.5833,3.6,10,0
·x·x¥],2016-02-03,71,1021,14.3,95.9583,5.1,3,0
·x·x¥],2016-02-04,59,1019.7,17,91.0833,2.9,6,1.9
·x·x¥],2016-02-05,72,1018.9,14.6,88.4583,2.7,7,0
·x·x¥],2016-02-06,134,1024.9,11.8,69.7083,2.9,0,0
·x·x¥],2016-02-07,75,1024.5,11.2,68.7917,3.5,0,9
·x·x¥],2016-02-08,32,1023.1,12.8,63.9167,4.4,0,10.4
·x·x¥],2016-02-09,21,1019.6,16,68.1667,3.9,0,10.5
·x·x¥],2016-02-10,17,1017.6,19.2,70.4583,3.3,0,10
·x·x¥],2016-02-11,21,1015.6,20,84.1667,2.4,0,3.1
·x·x¥],2016-02-12,18,1013.1,21.9,82.1667,3,0,7.3
·x·x¥],2016-02-13,20,1010.6,23.4,76.7083,3.5,0,10.3
·x·x¥],2016-02-14,28,1021.8,17,85.7083,5.3,7,0.8
·x·x¥],2016-02-15,56,1024.1,11.3,84.5,4.1,1,0
·x·x¥],2016-02-16,59,1023.7,12.4,75.375,4.6,0,0
·x·x¥],2016-02-17,54,1022.2,13.4,79.7083,4.6,3,0
·x·x¥],2016-02-18,42,1020.5,16.3,86.9167,5.6,13,0.2
·x·x¥],2016-02-19,52,1019.1,16.1,89.625,2.4,0,0
·x·x¥],2016-02-20,54,1023.8,14.4,67.6667,3.8,0,0
·x·x¥],2016-02-21,46,1023.6,15.8,59.25,6.8,0,0
·x·x¥],2016-02-22,17,1020.4,17.5,71.75,2.5,0,2.8
·x·x¥],2016-02-23,33,1024.1,14.9,83.9583,3,3,0
·x·x¥],2016-02-24,60,1028.2,13.4,85.5833,6,1,0
·x·x¥],2016-02-25,48,1028.4,13.8,77.9167,5.3,1,0
·x·x¥],2016-02-26,59,1026.4,14.1,88.0833,5,7,0
·x·x¥],2016-02-27,68,1021.2,15.3,92.5417,2.1,10,0
·x·x¥],2016-02-28,49,1020.6,18.3,71.2083,5.5,0,8.3
·x·x¥],2016-02-29,50,1026.8,16,62.2083,6.7,0,5.5
·x·x¥],2016-03-01,37,1025.2,15.4,53,7,0,9.7
·x·x¥],2016-03-02,14,1021.7,18.4,53.2917,4.7,0,10.9
·x·x¥],2016-03-03,7,1019.6,19.6,56.0833,2.3,0,8.2
·x·x¥],2016-03-04,13,1016.9,20.8,62.5833,2.1,0,5.5
·x·x¥],2016-03-05,6,1015.1,22.6,65,3.1,0,7.1
·x·x¥],2016-03-06,7,1013.2,22.2,70.75,2.7,0,9.5
·x·x¥],2016-03-07,9,1013.1,22.9,71.4583,3.8,0,4.1
·x·x¥],2016-03-08,2,1011.3,23,72.7917,1.9,0,1.8
·x·x¥],2016-03-09,13,1015.7,17.3,81.75,5.5,22,0
·x·x¥],2016-03-10,15,1021.7,12.8,87.4583,3.5,51,0
·x·x¥],2016-03-11,35,1021,12.2,88.5,4.3,18,0
·x·x¥],2016-03-12,14,1018.4,14.7,89.9167,5.1,5,0
·x·x¥],2016-03-13,15,1013.4,16.9,88.0833,1.7,41,0.7
·x·x¥],2016-03-14,24,1018.4,14.4,73.5,5.6,12,0
·x·x¥],2016-03-15,24,1017.2,14.1,83.75,6.2,13,0
·x·x¥],2016-03-16,13,1014.4,16,90.5833,2.3,8,0
·x·x¥],2016-03-17,10,1012.5,19.4,83.875,3.8,1,1.3
·x·x¥],2016-04-01,1,1012.8,20.8,71,5.3,0,0.1
·x·x¥],2016-04-02,4,1013.7,24.1,66.5417,3.4,0,4.7
·x·x¥],2016-04-03,2,1011.6,25,71.2917,3,0,2.6
·x·x¥],2016-04-04,1,1011,23.5,75.9583,3.4,0,0.1
·x·x¥],2016-04-08,1,1011.7,24.1,75.125,3.9,0,2.1
·x·x¥],2016-04-09,2,1011.4,23.6,74.5,2.8,0,0.3
·x·x¥],2016-04-10,2,1008.9,23.2,80.8333,2.2,12,2.2
·x·x¥],2016-04-12,1,1008.6,22.9,79.9167,3.6,2,1.3
·x·x¥],2016-04-13,2,1005.9,22.2,90.5,2.7,57,1.7
·x·x¥],2016-04-14,4,1011.2,21.1,91.3333,5.3,25,0
·x·x¥],2016-04-17,4,1012,22.7,83.9583,6.8,3,0.1
·x·x¥],2016-04-19,1,1017.9,22.2,72.2083,6.6,0,10.2
·x·x¥],2016-04-21,2,1009.9,27.6,72.3333,3.1,0,2.6
·x·x¥],2016-04-27,2,1005.8,26.9,74.0833,3.7,49,1.4
·x·x¥],2016-04-28,1,1013.4,22.2,72.7083,6.1,9,0
·x·x¥],2016-04-30,3,1011.6,23.8,66.0435,3.5,0,0.1
·x·x¥],2016-05-04,3,1010.5,28.3,64,3.5,0,1.7
·x·x¥],2016-05-05,1,1010.1,27.1,70.4583,2.6,20,1.6
·x·x¥],2016-05-08,1,1011.3,27.5,72.9167,3.7,20,2.5
·x·x¥],2016-05-11,2,1009.5,21.9,70.75,5.5,28,0.4
·x·x¥],2016-05-13,1,1013.3,27.7,69.0417,6.9,2,9.1
·x·x¥],2016-05-15,1,1010,28.6,66.0833,2.8,0,4.9
·x·x¥],2016-05-20,1,1007.6,26,68.4583,3.7,0,4
·x·x¥],2016-05-21,4,1007.7,26.4,74.2083,3,1,0
·x·x¥],2016-05-24,7,1006.1,25.5,83.25,6.1,0,0
·x·x¥],2016-05-25,1,1007.3,26.3,77.7917,3.3,0,0.2
·x·x¥],2016-06-02,1,1004.2,27.8,75.75,4.2,39,0
·x·x¥],2016-06-03,4,1003.6,30.3,73.25,2.8,9,4.7
·x·x¥],2016-06-08,1,1004.8,28.7,66.0417,4.3,0,5.2
·x·x¥],2016-06-13,1,1002,28.5,73.375,4.6,37,1.7
·x·x¥],2016-06-19,1,1009.3,29.9,67.9583,3.2,0,6.7
·x·x¥],2016-06-20,1,1007.2,29.9,68.6667,2.5,0,7.5
·x·x¥],2016-07-02,1,1008,28.9,75.5,3.1,2,4
·x·x¥],2016-08-03,2,1006.9,30.4,67.7083,2.9,0,5.9
·x·x¥],2016-08-04,1,1006.2,31.9,61.8333,2.5,0,10.9
·x·x¥],2016-08-08,1,999.8,30.7,67.5,2.7,0,8.1
·x·x¥],2016-08-10,1,1000.3,30.4,73.125,6.4,8,8.1
·x·x¥],2016-09-01,1,1002.1,29.6,57.1667,3.8,0,8.8
·x·x¥],2016-09-07,1,1004.5,29.4,72.8333,3.7,2,4.1
·x·x¥],2016-09-11,1,1007.4,28.6,77.9583,2.3,0,6.1
·x·x¥],2016-09-12,2,1009.8,27.3,80.9167,3.5,7,0.6
·x·x¥],2016-09-21,1,1013,26.9,69.0417,5.5,0,8.7
·x·x¥],2016-09-28,1,1000.6,29.2,73.2917,10.9,3,0.2
·x·x¥],2016-09-29,1,1005.9,28.8,74.1667,2.6,0,1.2
·x·x¥],2016-09-30,6,1008.3,28.6,71.875,3,0,2.9
·x·x¥],2016-10-01,3,1008.6,29.4,65.0833,6.2,0,8.3
·x·x¥],2016-10-02,2,1008,29.5,64.5,4.5,0,8.4
·x·x¥],2016-10-03,1,1005.1,28.8,67.75,3.9,0,8.4
·x·x¥],2016-10-04,4,1006,28.3,65.75,3.5,0,8.3
·x·x¥],2016-10-05,1,1007.5,27.7,73.4167,7.1,0,5.7
·x·x¥],2016-10-06,1,1007.3,28.7,71.0833,6.4,14,6.4
·x·x¥],2016-10-07,2,1006.6,26.2,80.8333,4.8,19,0
·x·x¥],2016-10-08,2,1006.9,26.5,83.2917,5.9,14,0.2
·x·x¥],2016-10-09,1,1009.6,23.2,83.375,4.3,27,0
·x·x¥],2016-10-10,1,1009.3,23.2,88.6667,2.4,14,0
·x·x¥],2016-10-11,6,1009.9,25,86.4167,4.5,6,0.2
·x·x¥],2016-11-01,11,1020.1,22,72.9167,6.1,1,0.1
·x·x¥],2016-11-02,28,1020.1,20.5,68.7917,6,0,0
·x·x¥],2016-11-03,18,1017.9,21,70.4167,4.7,0,0.3
·x·x¥],2016-11-04,13,1013.1,21.5,80.1667,4.7,1,1.2
·x·x¥],2016-11-05,9,1010.6,23.9,71.9167,3.2,0,7.1
·x·x¥],2016-11-06,7,1013.3,24.9,68.1667,4.3,0,7.3
·x·x¥],2016-11-07,3,1014.9,26,62.2917,4.8,0,4.7
·x·x¥],2016-11-08,14,1019,22.8,73.25,3.1,0,2
·x·x¥],2016-11-09,22,1020.4,19.6,72.5833,4.8,0,0
·x·x¥],2016-11-10,8,1017.4,19.4,84.25,3.4,7,0
·x·x¥],2016-11-11,15,1017.6,21.4,66.9167,6.1,0,3
·x·x¥],2016-12-01,15,1021.5,20.1,81.0417,4.7,0,0
·x·x¥],2016-12-02,15,1022,19.6,78.875,5.8,0,0.1
·x·x¥],2016-12-03,19,1019.2,21.6,83.1667,6.4,0,0.6
·x·x¥],2016-12-04,9,1015.1,23.2,80.3333,3.8,0,4.5
·x·x¥],2016-12-05,12,1019.1,22.1,76.7083,5.5,0,0.4
·x·x¥],2016-12-06,20,1021.8,19.9,65.0833,4.4,0,0
·x·x¥],2016-12-07,21,1017.4,20,68.9583,5.5,0,0
·x·x¥],2016-12-08,7,1014.1,20.4,76,5,0,0
·x·x¥],2016-12-09,17,1013.7,21.2,72.875,5.6,0,0
·x·x¥],2016-12-10,15,1015.4,20.9,75.8333,6.5,7,0.6
·x·x¥],2016-12-11,12,1016.5,19.8,80.8333,5.7,5,0
·x·x¥],2016-12-12,24,1013.4,22,74.5833,2.9,0,8
·x·x¥],2016-12-13,15,1014.6,20.6,73.625,2.7,0,7.2
·x·x¥],2016-12-14,28,1019.6,18.6,70.25,3.8,0,0
·x·x¥],2016-12-15,49,1024.2,15.2,66.2917,4,0,0
·x·x¥],2016-12-16,75,1025.9,15.1,58.375,4.7,0,0
·x·x¥],2016-12-17,40,1022.9,18.3,60.4583,5.2,0,4.8
·x·x¥],2016-12-18,45,1019.8,21.6,61.4583,3.5,0,9.7
·x·x¥],2016-12-19,24,1016.7,22.2,69.7083,3.7,0,8.1
·x·x¥],2016-12-20,24,1015.6,24.6,72.0417,6.9,0,6.2
·x·x¥],2016-12-21,22,1014.2,25.6,69.7917,4,0,3.5
·x·x¥],2016-12-22,24,1017.5,21.1,79.125,5.9,6,0
·x·x¥],2016-12-23,21,1020.7,18.5,61.875,6.6,0,2
·x·x¥],2016-12-24,24,1019.9,19.4,62.2083,7.1,0,2.6
·x·x¥],2016-12-25,6,1017.1,22.9,64.2083,5.4,0,9.2
·x·x¥],2016-12-26,16,1013.5,23.1,70.4167,4.8,0,8.4
·x·x¥],2016-12-27,39,1022.5,16.7,71.9583,5,0,0
·x·x¥],2016-12-28,49,1021.7,14.9,75.375,4.2,1,0
·x·x¥],2016-12-29,52,1024.4,15.9,69.9583,6,0,0
·x·x¥],2016-12-30,28,1022.7,18.1,68.2917,6.9,0,2.4
·x·x¥],2016-12-31,28,1020.8,20.8,74.4583,5,0,6.5
·x·x¥],2017-01-01,8,1019.8,22.6,65.875,5.6,0,9
·x·x¥],2017-01-02,13,1018.6,21.4,73.125,4.3,0,7.5
·x·x¥],2017-01-03,11,1018.4,20.7,82.7083,5,0,0.1
·x·x¥],2017-01-04,8,1016,23.2,73.1667,4.5,0,8.5
·x·x¥],2017-01-05,5,1014.4,22.4,74.5417,1.6,0,3.6
·x·x¥],2017-01-06,6,1013.8,22.2,78.125,3.5,0,0.8
·x·x¥],2017-01-07,10,1010.9,22.6,79.0833,2.2,0,1.1
·x·x¥],2017-01-08,10,1013,20.2,78.3333,5,0,0
·x·x¥],2017-01-09,15,1016.8,17.7,69.4167,6,0,0
·x·x¥],2017-02-01,20,1023,17.1,75.9583,5.9,0,0
·x·x¥],2017-02-02,32,1023.8,15.6,73.125,6.1,0,0.4
·x·x¥],2017-02-03,5,1019,19.8,68.9167,5.1,0,3.4
·x·x¥],2017-02-04,16,1014.7,19.7,75.6667,1.5,0,0.4
·x·x¥],2017-02-05,21,1013.6,19.2,75.1667,5.1,0,0.4
·x·x¥],2017-02-06,34,1017.1,17.9,62.2917,7.8,0,1.7
·x·x¥],2017-02-07,46,1017.2,17.9,61.5833,7.6,0,4.2
·x·x¥],2017-02-08,43,1015,17.9,71.875,4.6,0,0.9
·x·x¥],2017-02-09,105,1020.2,11.7,69.0417,3.7,3,0
·x·x¥],2017-02-10,105,1023.2,11.9,55.875,4.2,0,0.7
·x·x¥],2017-02-11,126,1025.8,12.4,54.625,5.7,0,0.3
·x·x¥],2017-02-12,91,1025.2,14.4,60.0833,4.8,0,0
·x·x¥],2017-02-13,39,1026.9,16.3,60.9583,6.9,0,4.6
·x·x¥],2017-02-14,49,1028.2,16.9,54.7917,6.5,0,10.4
·x·x¥],2017-02-15,25,1025,19.8,55.4167,4.7,0,6.8
·x·x¥],2017-02-16,26,1019.6,19.4,58.625,1.8,0,10
·x·x¥],2017-02-17,18,1019.3,20.8,61.4583,3.5,0,8.9
·x·x¥],2017-02-18,18,1020.9,19.8,70.5,6.4,0,3.1
·x·x¥],2017-02-19,10,1019.4,21.5,60.8333,5.1,0,7.9
·x·x¥],2017-02-20,10,1016.7,20.6,70.5417,4.8,2,1.9
·x·x¥],2017-02-21,5,1019.9,19.5,74.3333,7.5,0,3.5
·x·x¥],2017-02-22,27,1014.9,19.6,81,2.2,21,0.5
·x·x¥],2017-02-23,34,1020.2,15.7,77.375,6,0,0
·x·x¥],2017-02-24,47,1020.2,13.1,83.75,3.6,43,0
·x·x¥],2017-02-25,37,1018.8,14.2,85.2083,2.8,42,0
·x·x¥],2017-02-26,51,1021,13.3,82.125,2.9,15,0
·x·x¥],2017-02-27,58,1021.1,15.3,66.4167,4.1,0,0
·x·x¥],2017-02-28,57,1019.7,14.7,77.25,4.8,0,0
·x·x¥],2017-03-01,56,1016.9,16.4,74.1667,1.6,2,0.1
·x·x¥],2017-03-02,95,1018.8,14.5,61.7083,5.7,0,0
·x·x¥],2017-03-03,27,1016.9,16.9,61.7917,5,0,3.6
·x·x¥],2017-03-04,47,1012.8,18.3,73.0833,1.6,0,0.6
·x·x¥],2017-03-05,27,1010.8,20.4,71.6667,2,0,3.9
·x·x¥],2017-03-06,41,1014.4,16,76.4167,4.3,26,0
·x·x¥],2017-03-07,31,1016.4,14,69.0833,4.6,10,0
·x·x¥],2017-03-08,46,1016.7,14,78.6667,3,4,0
·x·x¥],2017-03-09,49,1015.4,16,75.5,6,1,0
·x·x¥],2017-03-10,34,1012.7,17.3,86.1667,4.8,38,0
·x·x¥],2017-03-11,25,1013.5,19.7,81.1667,4.4,2,1.7
·x·x¥],2017-03-12,24,1011.9,21.8,77.9167,3.5,0,7.3
·x·x¥],2017-03-13,24,1012.7,18.3,86.0833,2.7,13,0
·x·x¥],2017-03-14,32,1019,14.2,75.75,4.2,6,0
·x·x¥],2017-03-15,18,1019.6,16.1,66,5.2,0,0
·x·x¥],2017-03-16,10,1016.4,16.2,84.4167,3.4,22,0
·x·x¥],2017-03-17,18,1016.7,18.1,83.25,5.8,3,1.4
·x·x¥],2017-03-18,14,1016.9,19.9,81.875,3.2,1,2.7
·x·x¥],2017-03-19,7,1017.1,19.5,83.8333,6,3,0
·x·x¥],2017-03-20,13,1013.5,21.8,79.375,2.3,0,0.2
·x·x¥],2017-03-21,8,1016.3,18.7,78.125,6.6,0,0
·x·x¥],2017-03-22,6,1013.6,20.9,73.5,5.8,2,0.4
·x·x¥],2017-03-23,13,1015.3,18.9,78.7083,4.8,5,2.4
·x·x¥],2017-03-24,12,1015.4,21.1,68.5,5.1,0,8.6
·x·x¥],2017-03-25,13,1018.7,16.6,82.5417,3.5,29,0
·x·x¥],2017-03-26,11,1021.9,14.4,76.9583,3,12,0
·x·x¥],2017-03-27,13,1021.6,19.1,55.5417,5.7,0,10.8
·x·x¥],2017-03-28,3,1018.5,22.2,57.0417,3.7,0,9
·x·x¥],2017-03-29,4,1018.1,21.5,66.0417,3.3,0,4.2
·x·x¥],2017-03-30,7,1016,22.8,68.8333,2.2,0,3.6
·x·x¥],2017-03-31,7,1018.6,18.8,77.125,4.8,22,0.3
·x·x¥],2017-04-01,2,1019.3,15.1,69.75,3.2,13,2.4
·x·x¥],2017-04-02,6,1021.1,17.2,48.5417,4.9,0,11.4
·x·x¥],2017-04-03,3,1020.3,19.9,47.875,5.5,0,9.7
·x·x¥],2017-04-04,1,1017.4,22,52.5,4,0,9.7
·x·x¥],2017-04-05,4,1015.1,23.4,57.5417,3,0,9
·x·x¥],2017-04-09,1,1007.6,26.5,68.75,4,0,4.7
·x·x¥],2017-04-10,6,1003,28.8,59.375,5,0,9.4
·x·x¥],2017-04-12,4,1014.9,17.7,74.5,5.8,14,0
·x·x¥],2017-04-14,2,1013,21.2,75.6667,2.7,0,0
·x·x¥],2017-04-15,2,1012.2,24.1,72,2.2,0,3.1
·x·x¥],2017-04-17,1,1008.6,27.2,68.0833,3.2,0,2.2
·x·x¥],2017-04-20,-2,1008,25.9,69.9167,3.6,1,1.6
·x·x¥],2017-04-23,4,1013.3,20,57.25,5.5,0,0
·x·x¥],2017-04-26,3,1010.9,23.9,71.4583,4.1,1,0.2
·x·x¥],2017-04-27,1,1014,17.6,80.9583,5.1,23,0
·x·x¥],2017-04-28,4,1013.1,19.4,57.9167,4.7,0,7
·x·x¥],2017-04-29,3,1012.1,21.2,52.5417,4.6,0,11.1
